scaled_log_Land lease value (IDR),scaled_log_Labor cost (IDR),scaled_log_Seed purchase value (IDR),scaled_log_Fertilizer purchase value (IDR),scaled_log_Pesticide purchase value (IDR),scaled_log_Equipment rent value (IDR),scaled_log_Production value (IDR),scaled_log_Land area (m2),scaled_log_performance_metric,Regency,Tier,Raw_Metric
0.1115247743237248,0.1914619056967258,0.15725405393431885,0.13726306364842825,0.11984904852318384,-0.2724632871211148,-0.2733193521202558,0.14424639311051893,-0.7355458526058907,Garut,Farmer,5785.714285714285
0.1115247743237248,-0.36091153245992086,-0.27342231496941216,-0.2934134609564537,-0.28304548718126815,-0.15848058470491735,-0.730223361364989,-0.286386667546044,-0.7355458526058907,Garut,Farmer,5785.714285714285
-0.3885914256515564,-0.18039993804948576,-0.5693226032594967,-0.07179888980927236,-0.07572690404146637,0.04276145830588534,-0.33067491683714906,-0.06481339206069157,-0.36912040535503016,Garut,Farmer,7425.0
-0.4473942317273379,-0.10876260615570615,-0.48248387476276794,-0.5024753461356359,-0.6311203287966946,-0.5382876294470667,-0.41584782213658184,-0.49535776787444674,0.4592686092434759,Garut,Farmer,13050.0
-0.5417574930503952,-0.2812867534917481,-0.6211303329529091,-0.641122154678938,-0.6083232676094334,-0.5144893048928052,-0.5782683587824635,-0.6339068541269179,0.4251047368707011,Garut,Farmer,12750.0
-0.5876554287848148,-0.3097792634473241,-0.6211303329529091,-0.641122154678938,-0.6083232676094334,-0.5144893048928052,-1.2647667309192878,-0.6339068541269179,-1.104677884340483,Garut,Farmer,4500.0
-1.286834920018861,-0.36091153245992086,-0.48248387476276794,-0.5024753461356359,-0.28946823806753047,-0.2382506126667395,-0.730223361364989,-0.49535776787444674,-0.24130898338753048,Garut,Farmer,8100.0
-0.9745079273303473,-0.36091153245992086,-0.27342231496941216,-0.2934134609564537,-0.28304548718126815,-0.2724632871211148,-0.7508887880982026,-0.286386667546044,-0.7815946486391393,Garut,Farmer,5607.142857142857
-0.07626395458352313,0.10876262850915162,0.5175157650441414,0.49752459013773764,0.4568714715484157,0.04276145830588534,0.12622911090290037,0.5045594442347225,-0.6968898421194092,Garut,Farmer,5940.0
0.12724724061041046,0.08593010467229396,0.15725405393431885,0.13726306364842825,0.11984904852318384,0.11121658760361128,0.26122409655289125,0.14424639311051893,0.4556459650382187,Garut,Farmer,13017.857142857143
-0.41721875029012684,0.09974588954127304,-0.48248387476276794,-0.5024753461356359,-0.4786208010091002,-0.42564758951945386,-0.41584782213658184,-0.49535776787444674,0.4592686092434759,Garut,Farmer,13050.0
-0.4473942317273379,-0.07623851868040067,0.20012174810775143,0.18013074721816155,0.15995147999126874,0.15387480704159592,0.0920674158960303,0.18711703496199125,-0.02266581753233312,Garut,Farmer,9400.0
-0.7867193806630797,-0.10876260615570615,-0.27342231496941216,-0.2934134609564537,-0.28304548718126815,-0.5627964536204201,-0.6321083229278004,-0.286386667546044,-0.5169127171988503,Garut,Farmer,6714.285714285715
-1.283357591851428,-1.1265329270084914,-1.3956374981021122,-1.2489537089732026,-0.8468008022461982,-0.3648060514768558,-1.620058652082087,-1.40682157542589,-0.06540651842706122,Garut,Farmer,9130.434782608696
-0.19092441004946237,0.32628793768551784,-0.23055468511619204,-0.2505457887664762,-0.24294316216952458,-0.5382876294470667,-0.14104261363917903,-0.24353081019481698,0.47605716066788106,Garut,Farmer,13200.0
-0.007347867118823272,-0.36091153245992086,-0.3692013684262558,-0.3891926371388966,-0.3726460013646456,-0.46886730129309634,-0.8504048303866673,-0.3821315988192768,-0.7769242706378022,Garut,Farmer,5625.0
-0.662180678367278,-0.13628059187193295,-0.7040977190723474,-0.7240898148650822,-0.6859384260476247,-0.5627964536204201,-0.6391583702006775,-0.7167980872777173,0.4855651761141839,Garut,Farmer,13285.714285714286
-0.06054148956239324,0.7128491171172333,-0.05180789177989474,-0.23481495315282616,-0.07572690404146637,0.04276145830588534,0.029592032166511743,-0.06481339206069157,0.43372047598782093,Garut,Farmer,12825.0
0.1115247743237248,-0.36091153245992086,-0.27342231496941216,-0.2934134609564537,-0.28304548718126815,-0.2724632871211148,-0.8504048303866673,-0.286386667546044,-1.0033426176962543,Garut,Farmer,4821.428571428572
-0.2008027309143323,0.010950158005602003,0.15725405393431885,0.13726306364842825,-0.032651341557289805,0.11121658760361128,-0.39350082927987434,0.14424639311051893,-1.0033426176962543,Garut,Farmer,4821.428571428572
-0.0017386679835478078,-0.36091153245992086,-0.48248387476276794,-0.5024753461356359,-0.4786208010091002,-0.32661380806404144,-0.99749505631456,-0.49535776787444674,-0.836884745215023,Garut,Farmer,5400.0
0.1115247743237248,-0.36091153245992086,-0.27342231496941216,-0.2934134609564537,-0.28304548718126815,-0.2724632871211148,-0.8504048303866673,-0.286386667546044,-1.0033426176962543,Garut,Farmer,4821.428571428572
-0.0017386679835478078,-0.36091153245992086,-0.48248387476276794,-0.5024753461356359,-0.4786208010091002,-0.42564758951945386,-0.99749505631456,-0.49535776787444674,-0.836884745215023,Garut,Farmer,5400.0
0.1115247743237248,-0.36091153245992086,-0.27342231496941216,-0.2934134609564537,-0.28304548718126815,-0.2724632871211148,-0.8504048303866673,-0.286386667546044,-1.0033426176962543,Garut,Farmer,4821.428571428572
-0.7754440437920339,-0.07623851868040067,-0.05180789177989474,-0.07179888980927236,-0.07572690404146637,-0.32661380806404144,-0.33067491683714906,-0.06481339206069157,-0.36912040535503016,Garut,Farmer,7425.0
-0.07626395458352313,0.2630992854907479,0.5175157650441414,0.49752459013773764,0.3043708706837468,0.4970830889863159,0.22784110571562105,0.5045594442347225,-0.47046330095415917,Garut,Farmer,6930.0
0.1115247743237248,0.38281211671241727,0.7265779423115593,0.7065865845625696,0.6524478073571774,0.7830381871277399,0.4629516666620222,0.7136724767923494,-0.4407878603112475,Garut,Farmer,7071.428571428572
-0.3885914256515564,0.010950158005602003,-0.05180789177989474,-0.07179888980927236,-0.07572690404146637,-0.3081639249974027,-0.4093138372320899,-0.06481339206069157,-0.5443573000333068,Garut,Farmer,6590.0
-1.6464562393992712,-1.4156926195825754,-1.7998602425509018,-1.819866066460325,-1.711004450590589,0.33914839376286005,-1.7440175796627162,-1.8087600317003063,0.6140418735487186,Garut,Farmer,14500.0
-0.030365999965674635,-0.31962326085295373,-0.05180789177989474,-0.07179888980927236,-0.2282271025004521,0.04276145830588534,0.029592032166511743,-0.06481339206069157,0.43372047598782093,Garut,Farmer,12825.0
-0.0990471421762614,0.15170420935078668,-0.021492868042423344,-0.041483858068287256,-0.04736742251761585,-0.2724632871211148,-0.3174910141009111,-0.034500595079082555,-0.41140911044966044,Garut,Farmer,7214.285714285715
-0.3253414972788856,-0.26309915137009027,-0.27342231496941216,-0.2934134609564537,-0.28304548718126815,-0.40486204864385666,-0.5847627279852917,-0.286386667546044,-0.41140911044966044,Garut,Farmer,7214.285714285715
-0.3885914256515564,0.2630992854907479,0.37886876656495033,0.3588776860045136,0.32716811071698104,0.4970830889863159,0.13285402279696149,0.36588620715970677,-0.35435749370531705,Garut,Farmer,7500.0
-0.41137460826116773,0.10876262850915162,0.061474839677030074,0.041483859016599595,0.0302482681992102,-0.006267189189749961,-0.16822886548058716,0.04846450520365822,-0.27493796141677984,Garut,Farmer,7916.666666666667
0.3378191745118017,0.22127420937994421,0.409183822462571,0.38919272343537825,0.3555276454691261,0.5240030881386823,0.07645655710393198,0.3962063986347518,-0.5516992748690018,Garut,Farmer,6557.142857142857
0.6067381645864434,-0.26309915137009027,0.2959009945251939,0.2759099575398687,0.2495523135435514,0.04868918011893893,0.006047630044218603,0.28290631762619234,-0.4407878603112475,Garut,Farmer,7071.428571428572
0.3378191745118017,-0.26309915137009027,-0.021492868042423344,-0.041483858068287256,-0.04736742251761585,-0.48003733558667844,-0.33067491683714906,-0.034500595079082555,-0.4407878603112475,Garut,Farmer,7071.428571428572
0.1115247743237248,-0.36091153245992086,-0.27342231496941216,-0.2934134609564537,-0.28304548718126815,-0.5627964536204201,-0.5979466302820364,-0.286386667546044,-0.4407878603112475,Garut,Farmer,7071.428571428572
0.31058886288203136,-0.26309915137009027,-0.05180789177989474,-0.07179888980927236,-0.07572690404146637,-0.42564758951945386,-0.33067491683714906,-0.06481339206069157,-0.36912040535503016,Garut,Farmer,7425.0
-0.31668844783807426,-0.36091153245992086,-0.3194681214936815,-0.33945932139569945,-0.3261209636816008,-0.4362410909682781,-0.24641058870369034,-0.3324174831045194,0.451454860396056,Garut,Farmer,12980.76923076923
1.0097692937907545,0.5025249613461673,0.7265779423115593,0.7065865845625696,0.6524478073571774,0.8743529467980177,0.4629516666620222,0.7136724767923494,-0.4407878603112475,Garut,Farmer,7071.428571428572
0.1115247743237248,-0.26309915137009027,-0.27342231496941216,-0.2934134609564537,-0.28304548718126815,-0.5627964536204201,-0.5979466302820364,-0.286386667546044,-0.4407878603112475,Garut,Farmer,7071.428571428572
-0.6974414732227967,-0.07623851868040067,0.03503106575221702,0.015040084009462216,0.005510307216982673,-0.2365768395767962,-0.2733193521202558,0.02202103321323262,-0.44660523841853617,Garut,Farmer,7043.478260869565
0.7344570980630168,-0.18039993804948576,0.007411636410890558,0.3419201224647379,-0.02032746934554053,-0.46886730129309634,0.10594525866832492,-0.005597560433866442,0.46386636509581236,Garut,Farmer,13090.90909090909
0.5040437617104534,0.1914619056967258,0.20012174810775143,0.18013074721816155,0.15995147999126874,0.05457440899818651,-0.18225435570566054,0.18711703496199125,-0.6339639839798998,Garut,Farmer,6200.0
0.1115247743237248,-0.26309915137009027,-0.27342231496941216,-0.2934134609564537,-0.28304548718126815,-0.3648060514768558,-0.5979466302820364,-0.286386667546044,-0.4407878603112475,Garut,Farmer,7071.428571428572
0.8908966307186881,0.2956233926896855,0.45205153807611786,0.4320604107983642,0.39563011242278373,0.1381365735142796,0.006047630044218603,0.43908197092097045,-0.8099330778299738,Garut,Farmer,5500.0
-0.3539688234910747,-0.1727901220935548,-0.4120689661194425,-0.43206030363899894,-0.4127482731484302,0.41513195421502785,-0.33067491683714906,-0.4249800677452063,0.4826005262583,Garut,Farmer,13258.92857142857
-0.849969270594508,-0.880002928076743,-0.9131585070283043,-0.9331515634873622,-0.8815124624144574,-0.8242419227026196,-0.8702310800320572,-0.925592045570671,0.46488613744522195,Garut,Farmer,13100.0
0.1115247743237248,0.10876262850915162,0.15725405393431885,0.13726306364842825,0.11984904852318384,1.0763463579569668,0.26122409655289125,0.14424639311051893,0.4556459650382187,Garut,Farmer,13017.857142857143
-0.5506400739580755,-1.1265329270084914,-1.5834513567274975,-1.6034520518533735,-1.5085599650125951,-0.29728978883659524,-1.620058652082087,-1.5937680369135998,0.378630582644679,Garut,Farmer,12352.941176470587
-1.1622963828777606,-0.010950158005602003,-0.48248387476276794,-0.5024753461356359,-0.6311203287966946,-0.5144893048928052,-0.14104261363917903,-0.49535776787444674,1.071686497333149,Garut,Farmer,19800.0
-1.1622963828777606,-0.010950158005602003,-0.48248387476276794,-0.5024753461356359,-0.6311203287966946,-0.5144893048928052,-0.14104261363917903,-0.49535776787444674,1.071686497333149,Garut,Farmer,19800.0
-1.1622963828777606,-0.010950158005602003,-0.48248387476276794,-0.5024753461356359,-0.6311203287966946,-0.5144893048928052,-0.14104261363917903,-0.49535776787444674,1.071686497333149,Garut,Farmer,19800.0
-1.1622963828777606,-0.08258750586612214,-0.3173935486849233,-0.5024753461356359,-0.6311203287966946,-0.588059510379741,-0.6391583702006775,-0.49535776787444674,-0.0383765242622639,Garut,Farmer,9300.0
0.06399729562731232,-0.36091153245992086,0.08683897162663705,0.06684799042645909,0.05397623323103266,0.04276145830588534,0.12622911090290037,0.07382878636781538,0.3212850048792547,Garut,Farmer,11880.0
-0.2707904999988941,-0.36091153245992086,-0.3194681214936815,-0.33945932139569945,-0.3261209636816008,-0.3081639249974027,-0.24641058870369034,-0.3324174831045194,0.451454860396056,Garut,Farmer,12980.76923076923
-0.1350667739476447,-0.36091153245992086,-0.11727202869950375,-0.1372630532169848,-0.1369681141278812,1.4412542779536925,0.12622911090290037,-0.13027016093222768,0.8038537969042181,Garut,Farmer,16500.0
-0.04903364675042308,-0.36091153245992086,-0.021492868042423344,-0.041483858068287256,-0.04736742251761585,-0.05841079250803752,0.446774825525235,-0.034500595079082555,1.2917645216338174,Garut,Farmer,23000.0
-1.2210990959353276,-0.010950158005602003,-0.38285760556170517,-0.5679394829905973,-0.6369620906384157,-0.5382876294470667,-0.6321083229278004,-0.5607800584511013,0.1321030762979584,Garut,Farmer,10444.444444444445
-1.2210990959353276,-0.010950158005602003,-0.38285760556170517,-0.5679394829905973,-0.6369620906384157,-0.5382876294470667,-0.6321083229278004,-0.5607800584511013,0.1321030762979584,Garut,Farmer,10444.444444444445
-1.2210990959353276,-0.010950158005602003,-0.38285760556170517,-0.5679394829905973,-0.6369620906384157,-0.588059510379741,-0.5979466302820364,-0.5607800584511013,0.2082318788761539,Garut,Farmer,11000.0
-0.2596055458490072,-0.16528674047570605,-0.27342231496941216,-0.2934134609564537,-0.28304548718126815,-0.7585281561878086,-0.22055734693590573,-0.286386667546044,0.4002062087780303,Garut,Farmer,12535.714285714286
-0.3899884488514161,-0.30011264473054544,-0.45216891534538983,-0.4721603257744022,-0.4502614259412399,-0.6548430127795721,-0.3718866581876861,-0.4650597490626213,0.4855651761141839,Garut,Farmer,13285.714285714286
-0.9587854800269903,-0.36091153245992086,-0.3692013684262558,-0.3891926371388966,-0.3726460013646456,-0.6688772738961392,-0.730223361364989,-0.3821315988192768,-0.5091202533222232,Garut,Farmer,6750.0
-0.7982272147743548,-0.26309915137009027,-0.1904546876501962,-0.21044575809625968,-0.20542992953478667,-0.46886730129309634,-0.5979466302820364,-0.20344004640411745,-0.63692837859584,Garut,Farmer,6187.5
-0.10489128551657019,-0.30011264473054544,-0.08367819379809459,-0.10366920309822111,-0.10554133444929259,-0.11409217406656809,0.006047630044218603,-0.09668055876564716,0.45660015888688554,Garut,Farmer,13026.315789473685
-0.31668844783807426,-0.36091153245992086,-0.3194681214936815,-0.33945932139569945,-0.3261209636816008,-0.4362410909682781,-0.24641058870369034,-0.3324174831045194,0.451454860396056,Garut,Farmer,12980.76923076923
0.49837761456930213,-0.10876260615570615,0.15725405393431885,0.13726306364842825,0.11984904852318384,0.006267189189749961,-0.38670016157626935,0.14424639311051893,-0.9881891482939816,Garut,Farmer,4871.428571428572
-0.06054148956239324,-0.36091153245992086,-0.05180789177989474,-0.07179888980927236,-0.07572690404146637,-0.08577951755239864,0.029592032166511743,-0.06481339206069157,0.43372047598782093,Garut,Farmer,12825.0
-0.030365999965674635,-0.36091153245992086,-0.05180789177989474,-0.07179888980927236,-0.07572690404146637,1.15979961067429,0.31586141964946646,-0.06481339206069157,1.071686497333149,Garut,Farmer,19800.0
1.0482749559595779,1.3870034170667214,1.200122828688904,1.1801309383980982,1.0954461371751456,1.0797179715369947,1.3767597565434129,1.1873654979409702,0.47605716066788106,Garut,Farmer,13200.0
-0.1350667739476447,-0.36091153245992086,-0.11727202869950375,-0.1372630532169848,-0.23406889369810685,-0.143416206387856,-0.014236222051641835,-0.13027016093222768,0.4908209377642602,Garut,Farmer,13333.333333333334
-0.08916882072856891,-0.30011264473054544,-0.08367819379809459,-0.10366920309822111,-0.10554133444929259,-0.11409217406656809,0.006047630044218603,-0.09668055876564716,0.45660015888688554,Garut,Farmer,13026.315789473685
-0.030365999965674635,-0.36091153245992086,-0.05180789177989474,-0.07179888980927236,-0.07572690404146637,-0.42564758951945386,0.31586141964946646,-0.06481339206069157,1.071686497333149,Garut,Farmer,19800.0
-0.04903364675042308,-0.36091153245992086,-0.021492868042423344,-0.041483858068287256,-0.04736742251761585,-0.05841079250803752,0.4629516666620222,-0.034500595079082555,1.3278161736572929,Garut,Farmer,23571.428571428572
-0.0017386679835478078,-0.36091153245992086,-0.48248387476276794,-0.5024753461356359,-0.4786208010091002,-0.6410446320045904,-0.8855021824368001,-0.49535776787444674,-0.5873295594284275,Garut,Farmer,6400.0
0.1115247743237248,-0.36091153245992086,-0.27342231496941216,-0.2934134609564537,-0.28304548718126815,-0.5627964536204201,-0.8368729423641185,-0.286386667546044,-0.9731903900201381,Garut,Farmer,4921.428571428572
0.3837171357238669,-0.10876260615570615,-0.021492868042423344,-0.041483858068287256,-0.04736742251761585,0.27894442836181843,-0.618230481129464,-0.034500595079082555,-1.0815471645876744,Garut,Farmer,4571.428571428572
0.37632483313706505,-0.10876260615570615,0.021374804690917095,0.0013838217081944694,-0.0072650265350406905,-0.34072851459800985,-0.4265414798182091,0.008365117471903456,-0.7557522871697471,Garut,Farmer,5706.666666666667
-1.0605409469553992,-0.36091153245992086,-0.3692013684262558,-0.3891926371388966,-0.3726460013646456,-0.3845897825482297,-0.7121626938802741,-0.3821315988192768,-0.46887446105889485,Garut,Farmer,6937.5
-1.1622963828777606,-0.08258750586612214,-0.48248387476276794,-0.5024753461356359,-0.4786208010091002,-0.588059510379741,-0.6391583702006775,-0.49535776787444674,-0.0383765242622639,Garut,Farmer,9300.0
-1.1622963828777606,-0.08258750586612214,-0.3173935486849233,-0.5024753461356359,-0.4786208010091002,-0.588059510379741,-0.6391583702006775,-0.49535776787444674,-0.0383765242622639,Garut,Farmer,9300.0
-1.1622963828777606,-0.08258750586612214,-0.3173935486849233,-0.5024753461356359,-0.6311203287966946,-0.588059510379741,-0.6391583702006775,-0.49535776787444674,-0.0383765242622639,Garut,Farmer,9300.0
0.3378191745118017,-0.18039993804948576,-0.021492868042423344,-0.041483858068287256,-0.04736742251761585,-0.48003733558667844,-0.5782683587824635,-0.034500595079082555,-0.9925027849642377,Garut,Farmer,4857.142857142857
0.1137981405736189,-0.36091153245992086,-0.3692013684262558,-0.3891926371388966,-0.3726460013646456,-0.5144893048928052,-0.8662178371533861,-0.3821315988192768,-0.8121602608545442,Garut,Farmer,5491.666666666667
0.3738388126109689,-0.10876260615570615,0.018607161583667698,-0.0013838217081933656,-0.009854136654736202,-0.22495501151476982,-0.438979078150549,0.005597560433866442,-0.7769242706378022,Garut,Farmer,5625.0
0.21328037729930688,-0.36091153245992086,-0.1601396799927741,-0.1801307292002138,-0.17707047462500858,-0.4341114271012783,-0.6988376941432582,-0.17313094531659537,-0.9334077826150072,Garut,Farmer,5056.547619047619
-0.5491497916740087,-0.10876260615570615,0.08683897162663705,0.06684799042645909,0.05397623323103266,-0.143416206387856,-0.32405000516503246,0.07382878636781538,-0.6821274249650938,Garut,Farmer,6000.0
-0.7754440437920339,-0.26309915137009027,-0.05180789177989474,-0.07179888980927236,-0.07572690404146637,-0.42564758951945386,-0.43273094459321904,-0.06481339206069157,-0.5965387679916726,Garut,Farmer,6360.0
0.11470490055048273,-0.36091153245992086,-0.4120689661194425,-0.43206030363899894,-0.4127482731484302,-0.4341114271012783,-0.8708351794538882,-0.4249800677452063,-0.7211099471708992,Garut,Farmer,5842.857142857143
0.1115247743237248,-0.36091153245992086,-0.27342231496941216,-0.2934134609564537,-0.28304548718126815,-0.5627964536204201,-0.7237449492580538,-0.286386667546044,-0.7211099471708992,Garut,Farmer,5842.857142857143
-0.34563866144529576,-0.24550797176838673,-0.3692013684262558,-0.3891926371388966,-0.3726460013646456,-0.6141246990605879,-0.2733193521202558,-0.3821315988192768,0.5090694294898307,Garut,Farmer,13500.0
0.23606356773954837,0.22127420937994421,0.2959009945251939,0.2759099575398687,0.2495523135435514,-0.48003733558667844,0.4447245184497225,0.28290631762619234,0.5367869761637851,Garut,Farmer,13757.142857142857
-0.27532800897180193,-0.36091153245992086,-0.27342231496941216,-0.2934134609564537,-0.28304548718126815,-0.7585281561878086,-0.22055734693590573,-0.286386667546044,0.4002062087780303,Garut,Farmer,12535.714285714286
-1.1622963828777606,-0.08258750586612214,-0.3173935486849233,-0.5024753461356359,-0.6311203287966946,-0.588059510379741,-0.6391583702006775,-0.49535776787444674,-0.0383765242622639,Garut,Farmer,9300.0
-1.1622963828777606,-0.08258750586612214,-0.3173935486849233,-0.5024753461356359,-0.6311203287966946,-0.588059510379741,-0.6391583702006775,-0.49535776787444674,-0.0383765242622639,Garut,Farmer,9300.0
-0.06054148956239324,-0.04557399121668948,-0.05180789177989474,-0.07179888980927236,-0.07572690404146637,-0.2382506126667395,-0.6321083229278004,-0.06481339206069157,-1.0408080483657416,Garut,Farmer,4700.0
-0.16229708051518799,0.11321479800676658,-0.05180789177989474,-0.07179888980927236,-0.07572690404146637,0.49021286978991746,0.029592032166511743,-0.06481339206069157,0.43372047598782093,Indramayu,Farmer,12825.0
-0.16229708051518799,-1.0068209228593312,-0.9131585070283043,-0.9331515634873622,-0.8815124624144574,0.9909721826834537,-0.565468478096973,-0.925592045570671,1.144066741960289,Indramayu,Farmer,20800.0
1.0210446415962027,0.8743870809979502,0.37886876656495033,0.3588776860045136,0.32716811071698104,-0.08577951755239864,0.6156113045927992,0.36588620715970677,0.7214582239636029,Indramayu,Farmer,15600.0
-1.560423466556414,-1.083591655674007,-1.7040840834095545,-1.724087402363924,-1.6214087266670711,0.030776049948818565,-1.7000564368959876,-1.7136754673116725,0.4855651761141839,Indramayu,Farmer,13285.714285714286
-0.07626395458352313,-0.36091153245992086,-0.05180789177989474,-0.07179888980927236,-0.07572690404146637,-0.08577951755239864,0.029592032166511743,-0.06481339206069157,0.43372047598782093,Indramayu,Farmer,12825.0
1.1926551540253953,0.8743870809979502,0.948192828607227,0.9282012376440103,0.8597671569844455,0.49021286978991746,0.833165714301293,0.9353522333685158,-0.1397222684814679,Indramayu,Farmer,8680.0
-0.16229708051518799,-0.36091153245992086,-0.48248387476276794,-0.5024753461356359,-0.4786208010091002,1.0627197090429756,-0.41584782213658184,-0.49535776787444674,0.4592686092434759,Indramayu,Farmer,13050.0
-0.2868358502018266,-0.634960484181184,-0.9131585070283043,-0.4564294935746775,-0.8815124624144574,0.9909721826834537,-0.8702310800320572,-0.925592045570671,0.46488613744522195,Indramayu,Farmer,13100.0
0.22455572366202142,-0.36091153245992086,-0.05180789177989474,0.26904430762566006,-0.07572690404146637,1.2997612146817092,0.029592032166511743,-0.06481339206069157,0.43372047598782093,Indramayu,Farmer,12825.0
1.1759938946804318,0.6349613447881508,0.5175157650441414,0.3345084837787004,0.4568714715484157,1.15979961067429,0.6540803986952644,0.5045594442347225,0.47939197032917824,Indramayu,Farmer,13230.0
0.7359473812424492,1.344061805274125,0.948192828607227,0.9282012376440103,0.8597671569844455,0.49021286978991746,1.1176766148535726,0.9353522333685158,0.4943056386553855,Indramayu,Farmer,13365.0
0.6386388875601604,0.8743870809979502,0.7265779423115593,0.7065865845625696,0.6524478073571774,0.25172692422889953,0.3451628298164673,0.7136724767923494,-0.7032622875486286,Indramayu,Farmer,5914.285714285715
-0.781053238699203,-0.36091153245992086,-0.6347865450750589,-0.3002791085947114,-0.5398617626984337,0.418150289730383,-0.45754856397003646,-0.5607800584511013,0.521110364252073,Indramayu,Farmer,13611.111111111111
-0.7867193806630797,-0.8524850482447959,-1.273416397551183,-1.2934124140202632,-1.2185285620317097,0.9758383585500476,-1.620058652082087,-1.2850286736984964,-0.35435749370531705,Indramayu,Farmer,7500.0
0.7303381810736362,0.8743870809979502,0.45205153807611786,0.4320604107983642,0.39563011242278373,1.0797179715369947,0.5831331497401396,0.43908197092097045,0.47605716066788106,Indramayu,Farmer,13200.0
0.19592838923204114,0.8743870809979502,0.20012174810775143,0.18013074721816155,0.15995147999126874,0.418150289730383,0.4629516666620222,0.18711703496199125,0.8038537969042181,Indramayu,Farmer,16500.0
0.7359473812424492,0.600337485498027,0.5175157650441414,0.3345084837787004,0.4568714715484157,1.15979961067429,0.8657606922202853,0.5045594442347225,0.9511316974187959,Indramayu,Farmer,18240.0
0.7166415251488398,1.4343709661526927,0.6611136981914286,0.6411224021885938,0.5912064198430405,0.45136325539783756,0.8127275871574745,0.6481910582888302,0.4934417843287005,Indramayu,Farmer,13357.142857142857
0.6229164193751376,0.600337485498027,0.7265779423115593,0.6027900251417223,0.6524478073571774,0.25172692422889953,1.107487495382222,0.7136724767923494,0.9955545379078985,Indramayu,Farmer,18800.0
0.7433396842721954,0.7546742095400284,0.809545762591608,0.7895543215620355,0.7300636843732529,0.33914839376286005,0.31586141964946646,0.7966634617297054,-0.9646879257668823,Indramayu,Farmer,4950.0
0.5526057424342169,0.010950158005602003,0.6307986315737443,0.6108073628611034,0.8132418699476455,0.8743529467980177,0.6425200692144076,0.6178684011807232,0.1858045788336486,Indramayu,Farmer,10833.333333333334
0.9982614482894756,0.38281211671241727,0.1386468850181401,0.3026381644524906,0.05397623323103266,0.9909721826834537,0.3483395742353655,0.07382878636781538,0.8162655046657595,Indramayu,Farmer,16640.0
-0.5176833415346408,-0.7775053814811207,-1.3956374981021122,-1.415635059689004,-1.332864179155514,0.4499153072869737,-1.620058652082087,-1.40682157542589,-0.06540651842706122,Indramayu,Farmer,9130.434782608696
-1.361360027226622,-1.224344592794469,-1.482474870029455,-1.5024737529729184,-1.4140987661166105,0.9909721826834537,-1.620058652082087,-1.493293020027747,0.13989595353036388,Indramayu,Farmer,10500.0
0.8965058309814604,0.8743870809979502,0.08683897162663705,0.3345084837787004,0.05397623323103266,0.9909721826834537,0.19267686557581776,0.07382878636781538,0.46936474524360955,Indramayu,Farmer,13140.0
0.7359473812424492,1.344061805274125,0.5175157650441414,0.49752459013773764,0.7072664219840742,0.49021286978991746,0.6540803986952644,0.5045594442347225,0.47939197032917824,Indramayu,Farmer,13230.0
0.8965058309814604,0.10876262850915162,0.08683897162663705,0.06684799042645909,0.05397623323103266,0.29660072621693573,0.19267686557581776,0.07382878636781538,0.46936474524360955,Indramayu,Farmer,13140.0
0.7991973355273901,0.8743870809979502,1.1572550830591615,1.1372632457245568,1.3057387721809812,0.7281189173456418,1.3366103386456163,1.1444830211398032,0.48793259597497673,Indramayu,Farmer,13307.142857142857
-0.34563866144529576,-0.48062416250073436,-0.3692013684262558,-0.22251089118868014,-0.3726460013646456,0.46214222473791206,-0.18225435570566054,-0.3821315988192768,0.7120112478998727,Indramayu,Farmer,15500.0
-0.0017386679835478078,-0.7327726864440673,-0.9696820381251344,-1.3638273028906407,-1.28439965277264,0.418150289730383,-1.620058652082087,-1.3552075180304493,-0.18788796550552944,Indramayu,Farmer,8400.0
0.8965058309814604,0.9721996230325929,0.948192828607227,0.7651851169464731,1.1101622639118747,0.9909721826834537,1.1176766148535726,0.9353522333685158,0.4943056386553855,Indramayu,Farmer,13365.0
-0.4122473378610943,0.600337485498027,-0.012679461033671976,-0.03267044921112803,-0.03912254472791408,0.5338747874190232,0.12622911090290037,-0.02568770241023845,0.5565696869124752,Indramayu,Farmer,13943.661971830987
0.4508501308106616,0.7546742095400284,0.5175157650441414,0.49752459013773764,0.4568714715484157,1.15979961067429,0.5079858809352401,0.5045594442347225,0.15381980134211062,Indramayu,Farmer,10600.0
0.5827812374706088,0.7546742095400284,0.6307986315737443,0.6108073628611034,0.5628468673480858,0.912348827627592,0.6156113045927992,0.6178684011807232,0.12583887388169515,Indramayu,Farmer,10400.0
-0.07626395458352313,0.010950158005602003,-0.05180789177989474,-0.23481495315282616,-0.07572690404146637,0.9909721826834537,0.029592032166511743,-0.06481339206069157,0.43372047598782093,Indramayu,Farmer,12825.0
1.2088334096850932,0.9721996230325929,1.3788700272432355,1.3588779090477823,1.2626630659801854,0.9909721826834537,1.0151597813096052,1.3661760951248592,-0.7523244277476706,Indramayu,Farmer,5720.0
0.7582767571411967,0.6981500156108136,1.1657621376221872,1.145770289836986,1.0633019185559094,0.7380243548766583,0.7777403769410098,1.1529929828065073,-0.7775798533316353,Indramayu,Farmer,5622.489959839358
-0.7222504579920542,-0.36091153245992086,-0.48248387476276794,-0.5024753461356359,-0.2282271025004521,-0.2382506126667395,-0.5979466302820364,-0.49535776787444674,0.05346219587501643,Indramayu,Farmer,9900.0
1.2132805307480665,0.8743870809979502,0.8398608345693277,0.8198693618378416,1.1385218380530866,0.37166695258091187,0.5831331497401396,0.8269873518047582,-0.4407878603112475,Indramayu,Farmer,7071.428571428572
-0.2640526652667566,-0.36091153245992086,-0.9131585070283043,-1.0961674117538465,-0.8815124624144574,0.418150289730383,-0.5284958079427458,-0.925592045570671,1.2264635989340262,Indramayu,Farmer,22000.0
0.8107051808252767,1.344061805274125,0.9356401636844082,0.9156485867906695,1.3340983502763135,0.47629751302591744,1.0927992020134891,0.9227956548136971,0.46854316672145047,Indramayu,Farmer,13132.65306122449
0.9496994649818657,0.22847543737735837,0.948192828607227,0.9282012376440103,0.8597671569844455,0.7781945942841757,0.6076405521351574,0.9353522333685158,-0.642279409509917,Indramayu,Farmer,6165.0
0.8264276493718863,1.3870034170667214,0.9356401636844082,0.9156485867906695,0.8480242161649892,0.7634899635820155,0.6531829537683044,0.9227956548136971,-0.5111200853884726,Indramayu,Farmer,6740.816326530612
1.025491762608555,0.38281211671241727,1.0614757401611277,1.0414840183332077,0.96574262730399,0.912348827627592,0.809586791701885,1.0486715473375603,-0.46007872766870933,Indramayu,Farmer,6979.166666666667
1.1500305743749555,0.7546742095400284,1.1572550830591615,1.1372632457245568,1.0553436205415816,0.25172692422889953,0.9331701298461502,1.1444830211398032,-0.41111826981969457,Indramayu,Farmer,7215.714285714285
0.7631776948971094,0.22847543737735837,0.7265779423115593,0.7065865845625696,0.6524478073571774,0.7281189173456418,0.8860445449294116,0.7136724767923494,0.5020575540692823,Indramayu,Farmer,13435.714285714286
1.2132805307480665,0.8743870809979502,0.8398608345693277,0.8198693618378416,1.1385218380530866,0.37166695258091187,1.0014780623044324,0.8269873518047582,0.49147658786935466,Indramayu,Farmer,13339.285714285714
0.7246720337407335,0.8178628840882715,0.7265779423115593,0.7065865845625696,0.6524478073571774,0.6118257501155288,0.3935008391440407,0.7136724767923494,-0.5955493012585922,Indramayu,Farmer,6364.285714285715
0.7246720337407335,0.7546742095400284,0.7265779423115593,0.7065865845625696,1.1385218380530866,0.25172692422889953,0.4117414383304972,0.7136724767923494,-0.5549029182985222,Indramayu,Farmer,6542.857142857143
1.3490946917879623,1.2462492542980879,0.7958894829333394,1.293413721742575,1.2014216323346716,1.7603006843017444,1.2428534105668088,1.300688264672957,-0.09017407201543043,Indramayu,Farmer,8977.777777777777
0.8377029970001566,0.9721996230325929,0.948192828607227,0.9282012376440103,0.8597671569844455,1.2997612146817092,0.759227529594627,0.9353522333685158,-0.30448763834633474,Indramayu,Farmer,7759.0
1.2517861933809262,1.0548989513138136,1.1572550830591615,1.1372632457245568,1.0553436205415816,1.5619091448181714,0.9330396134215133,1.1444830211398032,-0.41140911044966044,Indramayu,Farmer,7214.285714285715
0.5096529616913498,0.22847543737735837,0.5175157650441414,0.49752459013773764,0.8369698901240735,0.6467666193215765,0.24102500895413748,0.5045594442347225,-0.44108463502545936,Indramayu,Farmer,7070.0
0.4508501308106616,0.010950158005602003,0.37886876656495033,0.3588776860045136,0.7072664219840742,0.33914839376286005,0.48649606925156436,0.36588620715970677,0.43372047598782093,Indramayu,Farmer,12825.0
0.4508501308106616,0.010950158005602003,0.5175157650441414,0.49752459013773764,0.5775629829068292,0.6467666193215765,0.11096147452292517,0.5045594442347225,-0.7309109111034079,Indramayu,Farmer,5804.0
0.6386388875601604,0.38281211671241727,0.6307986315737443,0.6108073628611034,0.8132418699476455,0.418150289730383,0.18358467746932405,0.6178684011807232,-0.836884745215023,Indramayu,Farmer,5400.0
-0.16229708051518799,-0.18039993804948576,-0.3692013684262558,-0.41356182821255066,-0.3726460013646456,0.15387480704159592,-0.2733193521202558,-0.3821315988192768,0.5090694294898307,Indramayu,Farmer,13500.0
0.48686976977989865,0.600337485498027,0.6307986315737443,0.6108073628611034,1.048920837718357,0.7781945942841757,0.35840348256255566,0.6178684011807232,-0.44733079318176644,Indramayu,Farmer,7040.0
0.7131641885558432,0.7546742095400284,0.809545762591608,0.7895543215620355,0.7300636843732529,0.9909721826834537,0.6160337161397395,0.7966634617297054,-0.29580480020625327,Indramayu,Farmer,7805.0
0.5096529616913498,0.38281211671241727,0.5175157650441414,0.49752459013773764,0.8369698901240735,0.49021286978991746,0.6540803986952644,0.5045594442347225,0.47939197032917824,Indramayu,Farmer,13230.0
-0.6736885148514693,-0.36091153245992086,-0.7998764509299253,-0.9828848302101438,-0.7755384079545624,0.45365183824285044,-0.43273094459321904,-0.8124691909428561,1.172049001862941,Indramayu,Farmer,21200.0
0.4631167937148597,0.10876262850915162,0.37886876656495033,0.3588776860045136,0.7072664219840742,0.49021286978991746,0.1992656574228133,0.36588620715970677,-0.20636516774402172,Indramayu,Farmer,8295.0
0.5368832744601212,1.0700121680476997,0.6307986315737443,0.6108073628611034,0.5628468673480858,0.7781945942841757,0.31586141964946646,0.6178684011807232,-0.5421300494773901,Karawang,Farmer,6600.0
0.8219805284354678,1.344061805274125,0.948192828607227,0.9282012376440103,0.3043708706837468,1.0996619504428544,1.1176766148535726,0.9353522333685158,0.4943056386553855,Karawang,Farmer,13365.0
0.8219805284354678,0.4806246319228874,0.948192828607227,0.9282012376440103,0.8597671569844455,1.2762655524656383,0.6028114228716542,0.9353522333685158,-0.6530403005199352,Karawang,Farmer,6120.0
0.43512766313186346,0.10876262850915162,0.5175157650441414,0.49752459013773764,0.4568714715484157,1.2762655524656383,0.14590738370802617,0.5045594442347225,-0.6530403005199352,Karawang,Farmer,6120.0
1.2245558786927275,0.6981500156108136,1.3788700272432355,1.3588779090477823,1.2626630659801854,0.9909721826834537,1.5745806623219616,1.3661760951248592,0.4943056386553855,Karawang,Farmer,13365.0
0.8377029970001566,0.6981500156108136,0.948192828607227,0.9282012376440103,0.8597671569844455,1.15979961067429,0.7924437344741155,0.9353522333685158,-0.23046824410611796,Karawang,Farmer,8160.0
0.8377029970001566,1.7484481354768282,1.6308000723492404,1.6108076177677062,1.4983421206908467,0.7781945942841757,1.5166195146624168,1.618199718273856,-0.23046824410611796,Karawang,Farmer,8160.0
0.8377029970001566,0.732773876763727,0.6307986315737443,0.6108073628611034,0.5628468673480858,0.7781945942841757,0.14590738370802617,0.6178684011807232,-0.9208398384734328,Karawang,Farmer,5100.0
0.7359473812424492,0.4806246319228874,0.948192828607227,0.9282012376440103,0.8597671569844455,1.2894016219433437,1.1176766148535726,0.9353522333685158,0.4943056386553855,Karawang,Farmer,13365.0
0.8377029970001566,1.344061805274125,1.3788700272432355,1.3588779090477823,1.2626630659801854,1.6993460247485228,1.5745806623219616,1.3661760951248592,0.4943056386553855,Karawang,Farmer,13365.0
0.8377029970001566,1.5309226877965785,1.3788700272432355,1.3588779090477823,1.2626630659801854,1.7617680429466795,1.2068057166853159,1.3661760951248592,-0.32526940935305104,Karawang,Farmer,7650.0
0.8377029970001566,0.8743870809979502,1.6308000723492404,1.6108076177677062,1.4983421206908467,0.9164640576901544,1.4766573884446577,1.618199718273856,-0.3195202726709042,Karawang,Farmer,7680.0
0.8219805284354678,1.2462492542980879,0.7265779423115593,0.7065865845625696,0.6524478073571774,1.027629464617939,0.8860445449294116,0.7136724767923494,0.5020575540692823,Karawang,Farmer,13435.714285714286
0.8330325871078781,-0.16528674047570605,0.2959009945251939,0.2759099575398687,0.7356259822858725,0.5240030881386823,0.4447245184497225,0.28290631762619234,0.5367869761637851,Karawang,Farmer,13757.142857142857
0.6114085743484435,0.9721996230325929,1.200122828688904,1.1801309383980982,0.9429453574628206,0.829964480147036,1.0400371941259772,1.1873654979409702,-0.27431960372379993,Karawang,Farmer,7920.0
0.8377029970001566,0.600337485498027,0.948192828607227,0.9282012376440103,1.2398657901774204,1.1628459473249908,0.7924437344741155,0.9353522333685158,-0.23046824410611796,Karawang,Farmer,8160.0
2.3171941885409764,1.0700121680476997,1.2778911807958497,1.2578991926656211,1.168197961522901,1.7319106820175647,1.2068057166853159,1.265161066901526,-0.08654259731335294,Karawang,Farmer,9000.0
0.5096529616913498,0.7546742095400284,0.08683897162663705,0.06684799042645909,0.05397623323103266,1.7087827600570604,-0.42859818400026956,0.07382878636781538,-0.9150910767440936,Karawang,Farmer,5120.0
1.789141218755901,1.126536369428076,1.6308000723492404,1.6108076177677062,1.6190337717740926,0.829964480147036,1.4092379117695348,1.618199718273856,-0.46975693773962085,Karawang,Farmer,6933.333333333333
0.8377029970001566,0.600337485498027,0.6307986315737443,0.6108073628611034,0.9429453574628206,0.6177534762085586,0.0920674158960303,0.6178684011807232,-1.0408080483657416,Karawang,Farmer,4700.0
0.5096529616913498,0.8743870809979502,1.3788700272432355,1.3588779090477823,1.2626630659801854,1.2997612146817092,1.1871274433579686,1.3661760951248592,-0.36912040535503016,Karawang,Farmer,7425.0
0.7359473812424492,0.600337485498027,0.948192828607227,0.9282012376440103,0.9429453574628206,1.2997612146817092,0.7988747435225011,0.9353522333685158,-0.21613725193286631,Karawang,Farmer,8240.0
0.5096529616913498,0.600337485498027,0.948192828607227,0.9282012376440103,0.8132418699476455,0.49021286978991746,0.7924437344741155,0.9353522333685158,-0.23046824410611796,Karawang,Farmer,8160.0
0.7359473812424492,0.9721996230325929,0.948192828607227,0.9282012376440103,0.8132418699476455,1.15979961067429,0.7924437344741155,0.9353522333685158,-0.23046824410611796,Karawang,Farmer,8160.0
0.6114085743484435,1.0919125034319082,1.3788700272432355,1.3588779090477823,1.2626630659801854,1.7319106820175647,1.2068057166853159,1.3661760951248592,-0.32526940935305104,Karawang,Farmer,7650.0
0.6114085743484435,0.6830368010058301,0.809545762591608,0.7895543215620355,0.8132418699476455,0.6177534762085586,0.5963170531356164,0.7966634617297054,-0.3397414596481692,Karawang,Farmer,7575.0
0.7131641885558432,0.600337485498027,0.809545762591608,0.7895543215620355,0.9192173340571961,0.6524482096223019,0.47613557001354945,0.7966634617297054,-0.6075502162544089,Karawang,Farmer,6312.5
0.8377029970001566,0.7271561955878564,0.948192828607227,0.9282012376440103,0.8132418699476455,1.15979961067429,0.7859493647114181,0.9353522333685158,-0.24494041320667223,Karawang,Farmer,8080.0
0.7359473812424492,1.4983985628463519,1.6308000723492404,1.6108076177677062,1.4983421206908467,0.9164640576901544,1.4969412412861105,1.618199718273856,-0.27431960372379993,Karawang,Farmer,7920.0
0.7359473812424492,0.7934730628538319,1.3788700272432355,1.3588779090477823,1.5130582511535735,1.1927033028243013,1.0597154674206863,1.3661760951248592,-0.6530403005199352,Karawang,Farmer,6120.0
0.6114085743484435,0.4806246319228874,0.948192828607227,0.9282012376440103,0.8597671569844455,0.5627970660096253,0.6156113045927992,0.9353522333685158,-0.6245179190598289,Karawang,Farmer,6240.0
0.6114085743484435,0.4806246319228874,0.948192828607227,0.9282012376440103,0.8597671569844455,0.49021286978991746,0.7727654612610061,0.9353522333685158,-0.27431960372379993,Karawang,Farmer,7920.0
0.6114085743484435,0.7934730628538319,1.3788700272432355,1.3588779090477823,1.5130582511535735,1.0996619504428544,1.1416491913166675,1.3661760951248592,-0.47046330095415917,Karawang,Farmer,6930.0
0.48686976977989865,0.7808493353764218,1.2402229274593775,1.2202309869914336,1.5130582511535735,1.1286979075329406,1.0058754982336944,1.2274795548934982,-0.44524578831107403,Karawang,Farmer,7050.0
0.6114085743484435,0.6830368010058301,1.200122828688904,1.1801309383980982,1.4755448419072823,0.7781945942841757,0.9198557099381374,1.1873654979409702,-0.5421300494773901,Karawang,Farmer,6600.0
0.6114085743484435,0.4806246319228874,0.948192828607227,0.9282012376440103,0.8597671569844455,0.5627970660096253,0.6847451461381757,0.9353522333685158,-0.47046330095415917,Karawang,Farmer,6930.0
0.6114085743484435,0.8411919367081301,1.2402229274593775,1.2202309869914336,1.2536511641104175,0.825390726631548,1.0299845534657328,1.2274795548934982,-0.3915216072605839,Karawang,Farmer,7312.625
0.6114085743484435,0.5025249613461673,0.948192828607227,0.9282012376440103,0.8597671569844455,0.49021286978991746,0.7859493647114181,0.9353522333685158,-0.24494041320667223,Karawang,Farmer,8080.0
0.6114085743484435,0.1914619056967258,0.5175157650441414,0.49752459013773764,0.4568714715484157,0.04276145830588534,0.6540803986952644,0.5045594442347225,0.47939197032917824,Karawang,Farmer,13230.0
0.6114085743484435,0.6830368010058301,1.200122828688904,1.1801309383980982,1.4755448419072823,0.7781945942841757,0.9198557099381374,1.1873654979409702,-0.5421300494773901,Karawang,Farmer,6600.0
0.6114085743484435,0.4806246319228874,0.948192828607227,0.9282012376440103,0.8597671569844455,0.5627970660096253,0.6156113045927992,0.9353522333685158,-0.6245179190598289,Karawang,Farmer,6240.0
0.7246720337407335,0.38281211671241727,0.7265779423115593,0.7065865845625696,0.6524478073571774,0.5937813646669373,0.31586141964946646,0.7136724767923494,-0.7685548246211115,Karawang,Farmer,5657.142857142857
0.5876555977778699,0.5438132965362513,1.0350319270847914,1.0150402363992597,1.4270787738520652,1.0963714179377841,0.664461293507272,1.022219071363497,-0.7209538118736516,Karawang,Farmer,5843.478260869565
0.5827812374706088,0.8178628840882715,1.34699966124322,1.3270075844389673,1.4832437107311087,0.9947124475399209,1.5380773183168461,1.3342942148032255,0.48830605061247806,Karawang,Farmer,13310.526315789473
0.6114085743484435,0.8058065639021353,1.4053138444794278,1.3588779090477823,1.2626630659801854,0.49021286978991746,1.3700675853207676,1.3661760951248592,0.03854892005444268,Karawang,Farmer,9800.0
1.8852306921067934,1.8702607730297414,1.587932320287451,1.5679399239561882,1.6473933539883023,1.6604754786450786,1.2162165257553492,1.5753157616443323,-0.7985320258197032,Karawang,Farmer,5542.857142857143
0.6114085743484435,0.43394445888171956,0.948192828607227,0.9282012376440103,1.345841296266542,0.49021286978991746,0.4426678141500167,0.9353522333685158,-1.0098851179041,Karawang,Farmer,4800.0
0.6114085743484435,0.4806246319228874,0.948192828607227,0.9282012376440103,0.8597671569844455,0.5627970660096253,0.6156113045927992,0.9353522333685158,-0.6245179190598289,Karawang,Farmer,6240.0
0.7359473812424492,0.32628793768551784,0.6307986315737443,0.6108073628611034,0.5628468673480858,0.6177534762085586,0.3483395742353655,0.6178684011807232,-0.46975693773962085,Karawang,Farmer,6933.333333333333
0.6067381645864434,0.32628793768551784,0.7265779423115593,0.7065865845625696,0.6524478073571774,0.6118257501155288,0.4954298214079752,0.7136724767923494,-0.3684140353478194,Karawang,Farmer,7428.571428571428
0.6114085743484435,0.5235662299594951,0.948192828607227,0.9282012376440103,1.2398657901774204,0.5627970660096253,0.621919230207763,0.9353522333685158,-0.610461736065228,Karawang,Farmer,6300.0
0.8377029970001566,0.7934730628538319,1.3788700272432355,1.3588779090477823,1.5130582511535735,1.1628459473249908,1.0788232749106619,1.3661760951248592,-0.610461736065228,Karawang,Farmer,6300.0
1.5956862989077276,0.7128491171172333,1.3788700272432355,1.3588779090477823,1.2626630659801854,0.9909721826834537,1.273925936331158,1.3661760951248592,-0.17569768776401049,Karawang,Farmer,8470.0
1.1228002598344045,0.8743870809979502,0.948192828607227,0.9282012376440103,1.345841296266542,0.870020553331133,0.4287899711829314,0.9353522333685158,-1.0408080483657416,Subang,Farmer,4700.0
0.31058886288203136,1.2462492542980879,0.948192828607227,0.9282012376440103,1.1101622639118747,0.6802809270066087,1.1176766148535726,0.9353522333685158,0.4943056386553855,Subang,Farmer,13365.0
0.3301737031734735,0.5438132965362513,1.1790585785712508,1.1590667143931948,1.5618148764886524,1.239711049448511,1.3600709359454979,1.1662939838581743,0.4886665374452753,Subang,Farmer,13313.793103448275
-0.2008027309143323,1.0151412313861912,0.5879309052401315,0.5679396736014904,0.7118979657999528,0.006267189189749961,0.2838001186561956,0.5749903632516598,-0.5122322806373499,Subang,Farmer,6735.714285714285
0.24733891417819653,-0.18039993804948576,-0.22161446950004438,-0.5024753461356359,-0.4786208010091002,0.5627970660096253,-0.41584782213658184,-0.49535776787444674,0.4592686092434759,Subang,Farmer,13050.0
0.24733891417819653,-0.18039993804948576,-0.22161446950004438,-0.5024753461356359,-0.4786208010091002,1.3759012190337572,-0.41584782213658184,-0.49535776787444674,0.4592686092434759,Subang,Farmer,13050.0
1.1115249119530208,1.0548989513138136,0.7265779423115593,0.7065865845625696,0.6524478073571774,1.4855287391706355,0.6847451461381757,0.7136724767923494,0.05346219587501643,Subang,Farmer,9900.0
-0.5096528374164531,-0.18039993804948576,-0.22161446950004438,-0.7240898148650822,-0.6859384260476247,0.4970830889863159,-0.6391583702006775,-0.7167980872777173,0.4855651761141839,Subang,Farmer,13285.714285714286
1.0097692937907545,1.0548989513138136,0.7265779423115593,0.7065865845625696,0.6524478073571774,2.001608237452731,0.8856940141048832,0.7136724767923494,0.501276386902835,Subang,Farmer,13428.57142857143
0.8219805284354678,1.0548989513138136,0.5175157650441414,0.49752459013773764,0.4568714715484157,2.001608237452731,0.6540803986952644,0.5045594442347225,0.47939197032917824,Subang,Farmer,13230.0
-0.07626395458352313,-0.634960484181184,-0.7480688112841195,-0.5024753461356359,-0.4786208010091002,2.001608237452731,-0.41584782213658184,-0.49535776787444674,0.4592686092434759,Subang,Farmer,13050.0
0.8219805284354678,1.0548989513138136,0.5175157650441414,0.3345084837787004,0.4568714715484157,2.001609222636517,0.6540803986952644,0.5045594442347225,0.47939197032917824,Subang,Farmer,13230.0
-0.16696748910468756,0.600337485498027,-0.1527865237000464,-0.08386402407313727,-0.17019165343434833,1.9983177040684235,-0.03092504203067518,-0.16577908807203692,0.5375943339387961,Subang,Farmer,13764.70588235294
0.12280012030677134,-0.18039993804948576,-0.7480688112841195,-0.41356182821255066,-0.4786208010091002,2.001609222636517,-0.41584782213658184,-0.49535776787444674,0.4592686092434759,Subang,Farmer,13050.0
0.12280012030677134,0.10876262850915162,-0.7480688112841195,-0.23481495315282616,-0.4786208010091002,1.0996619504428544,-0.41584782213658184,-0.49535776787444674,0.4592686092434759,Subang,Farmer,13050.0
-0.7867193806630797,-0.36091153245992086,-0.27342231496941216,-0.2934134609564537,-0.28304548718126815,-0.5627964536204201,-0.22055734693590573,-0.286386667546044,0.4002062087780303,Subang,Farmer,12535.714285714286
-0.38414430667675137,-0.36091153245992086,0.09178987413454315,0.07179889265421159,0.0586077674658032,-0.7214850006334591,0.20164534660362077,0.07877976661555151,0.4776461093991945,Subang,Farmer,13214.285714285714
-0.6464582215722621,-0.36091153245992086,-0.27342231496941216,-0.2934134609564537,-0.28304548718126815,-0.6548430127795721,-0.22055734693590573,-0.286386667546044,0.4002062087780303,Subang,Farmer,12535.714285714286
0.7359473812424492,0.22847543737735837,-0.7480688112841195,-0.2505457887664762,-0.24294316216952458,1.0830757952535432,-0.14104261363917903,-0.24353081019481698,0.47605716066788106,Subang,Farmer,13200.0
-0.16229708051518799,0.010950158005602003,-0.7480688112841195,-0.41356182821255066,-0.6458363139468672,1.0039892323334416,-0.5979466302820364,-0.6739717683442084,0.47605716066788106,Subang,Farmer,13200.0
-0.16229708051518799,0.010950158005602003,-0.7480688112841195,-0.41356182821255066,-0.6458363139468672,1.0039892323334416,-0.5979466302820364,-0.6739717683442084,0.47605716066788106,Subang,Farmer,13200.0
0.5017842011348083,0.38281211671241727,-0.1527865237000464,-0.08386402407313727,-0.17019165343434833,1.4647431509305298,-0.018368982795739203,-0.16577908807203692,0.5655759127995625,Subang,Farmer,14029.411764705883
1.4078975276296355,1.4637746946148347,1.3788700272432355,1.3588779090477823,1.2626630659801854,0.9947124475399209,1.5745806623219616,1.3661760951248592,0.4943056386553855,Subang,Farmer,13365.0
1.2692285736191764,1.344061805274125,1.200122828688904,1.1801309383980982,1.0954461371751456,0.6177534762085586,0.8127275871574745,1.1873654979409702,-0.7808463896852839,Subang,Farmer,5610.0
1.2056350585805797,1.1590604924059376,0.7483814311698096,0.7283900520539919,0.672844834377949,0.2744703780782809,0.3522890958843122,0.7354819088176083,-0.7389263834866677,Subang,Farmer,5772.413793103448
1.2088334096850932,1.2462492542980879,0.948192828607227,0.9282012376440103,0.8597671569844455,0.49021286978991746,1.1176766148535726,0.9353522333685158,0.4943056386553855,Subang,Farmer,13365.0
-0.1549047794437231,-0.18039993804948576,0.07041506494120797,-0.21044575809625968,-0.20542992953478667,0.018613073801482496,-0.04372492340660046,-0.20344004640411745,0.5981263080643484,Subang,Farmer,14343.75
0.43512766313186346,1.0151412313861912,0.25192967590700294,0.49752459013773764,0.3043708706837468,0.04276145830588534,0.21922434003698335,0.5045594442347225,-0.48966463103081587,Subang,Farmer,6840.0
0.04827482972029269,-0.3097792634473241,0.0,0.06684799042645909,0.09705182765215209,0.04276145830588534,0.20164534660362077,0.07382878636781538,0.4893512188258885,Subang,Farmer,13320.0
0.8377029970001566,1.1897250514274795,0.948192828607227,0.9282012376440103,0.8597671569844455,0.49021286978991746,0.5831331497401396,0.9353522333685158,-0.6968898421194092,Subang,Farmer,5940.0
-0.4473942317273379,-0.36091153245992086,-0.9982771869210783,-0.5024753461356359,0.3043708706837468,-0.32661380806404144,-0.41584782213658184,-0.49535776787444674,0.4592686092434759,Subang,Farmer,13050.0
0.8090756593063727,1.344061805274125,0.8827285716230109,0.8627370529940802,0.7985257481789124,0.418150289730383,1.0400371941259772,0.8698678556603762,0.47605716066788106,Subang,Farmer,13200.0
0.0912276051478214,-0.18039993804948576,-0.130928282510537,0.11466657495952697,0.0016092569908016487,-0.07885132703301248,0.05603805612697985,0.1216487652408526,0.051812621615651734,Subang,Farmer,9888.888888888889
0.37632483313706505,0.10876262850915162,-0.06546414892604985,0.4320604107983642,0.39563011242278373,-0.018995906441885896,0.3195961219368504,0.43908197092097045,-0.1112310707577594,Subang,Farmer,8850.0
-0.30096598520203205,-0.18811925135404756,0.024369195333688858,-0.33945932139569945,0.05397623323103266,-0.3081639249974027,-0.41584782213658184,-0.3324174831045194,0.07386456318959465,Subang,Farmer,10038.461538461539
0.7433396842721954,1.1590604924059376,0.809545762591608,0.7895543215620355,0.7300636843732529,0.33914839376286005,0.7016479491201006,0.7966634617297054,-0.10501994710599417,Subang,Farmer,8887.5
-0.1350667739476447,0.1719512682853324,0.1435977882121295,-0.1372630532169848,0.11342627989420383,0.08902642650296066,-0.239609920899854,-0.13027016093222768,-0.011422783163065556,Subang,Farmer,9472.222222222223
-0.23682236047099178,-0.18811925135404756,-0.06546414892604985,-0.2505457887664762,-0.12225204203891814,-0.2382506126667395,-0.41584782213658184,-0.24353081019481698,-0.13634154167531415,Subang,Farmer,8700.0
-0.11934430941867545,-0.36091153245992086,0.1435977882121295,-0.1372630532169848,-0.1369681141278812,0.08902642650296066,-0.239609920899854,-0.13027016093222768,-0.011422783163065556,Subang,Farmer,9472.222222222223
0.48102562530308807,1.0233319814589699,0.0,0.49752459013773764,0.3043708706837468,0.04276145830588534,0.48649606925156436,0.5045594442347225,0.10593021706796196,Subang,Farmer,10260.0
-0.4099230847744993,-0.36091153245992086,-0.25817408598375924,-0.4432558263847105,0.06285051976776611,-0.18946484827740329,-0.565468478096973,-0.4361701500325144,-0.0141666325885786,Subang,Farmer,9454.545454545454
-0.1350667739476447,0.1719512682853324,0.1435977882121295,-0.1372630532169848,-0.1369681141278812,0.08902642650296066,-0.239609920899854,-0.13027016093222768,-0.011422783163065556,Subang,Farmer,9472.222222222223
0.6582237290735187,0.3733405349086065,0.2308654481462324,0.7283900520539919,0.672844834377949,0.20425785788648382,0.6890116542208453,0.7354819088176083,0.011422783163065556,Subang,Farmer,9620.689655172413
1.385114333857815,-0.18039993804948576,-0.06546414892604985,0.18013074721816155,0.2806428795700481,0.15387480704159592,0.029592032166511743,0.18711703496199125,-0.16188868762820313,Subang,Farmer,8550.0
-0.030365999965674635,0.10876262850915162,-0.05180789177989474,-0.07179888980927236,-0.07572690404146637,0.15387480704159592,0.029592032166511743,-0.06481339206069157,0.43372047598782093,Subang,Farmer,12825.0
0.37632483313706505,-0.2201576049183594,-0.06546414892604985,0.4320604107983642,0.39563011242278373,-0.018995906441885896,0.3195961219368504,0.43908197092097045,-0.1112310707577594,Subang,Farmer,8850.0
0.43512766313186346,0.8743870809979502,0.5175157650441414,0.49752459013773764,0.4568714715484157,-0.32661380806404144,0.4494986855721451,0.5045594442347225,0.023482700577727392,Subang,Farmer,9700.0
-0.06054148956239324,-0.36091153245992086,-0.5693226032594967,-0.07179888980927236,-0.07572690404146637,-0.08577951755239864,0.029592032166511743,-0.06481339206069157,0.43372047598782093,Subang,Farmer,12825.0
0.8678784931244854,1.2044241553504915,0.948192828607227,0.9282012376440103,0.8597671569844455,0.33914839376286005,0.8052436162470435,0.9353522333685158,-0.20194470889551572,Subang,Farmer,8320.0
0.6974417202126281,0.9721996230325929,0.809545762591608,0.7895543215620355,0.7300636843732529,0.33914839376286005,0.47023542247164885,0.7966634617297054,-0.6206977372002649,Subang,Farmer,6256.25
0.6425012608448563,0.3733405349086065,0.2308654481462324,0.7283900520539919,0.672844834377949,0.20425785788648382,0.6890116542208453,0.7354819088176083,0.011422783163065556,Subang,Farmer,9620.689655172413
0.4508501308106616,-0.10876260615570615,0.0,0.49752459013773764,0.49994712984356543,0.04276145830588534,0.12622911090290037,0.5045594442347225,-0.6968898421194092,Subang,Farmer,5940.0
-0.07387716293211095,-0.36091153245992086,-0.36583369726349896,-0.1202391151348434,-0.12104235620571294,-0.4523921351837822,-0.99749505631456,-0.11324849809547946,-1.7404192051787515,Subang,Farmer,2918.9189189189187
-0.2008027309143323,-0.36091153245992086,-0.4560401644589333,-0.21044575809625968,-0.2282271025004521,-0.46886730129309634,-0.36577227180029614,-0.20344004640411745,-0.11955362975560448,Subang,Farmer,8800.0
-0.11977511652923284,-0.36091153245992086,-0.36583369726349896,-0.1202391151348434,-0.2735425002857159,-0.5690397125494153,-0.19297285481526996,-0.11324849809547946,0.0522586351799654,Subang,Farmer,9891.891891891892
0.017461133582431187,-0.36091153245992086,-0.23055468511619204,0.015040084009462216,0.00745105797383468,-0.20540681512186681,0.5617039046976081,0.02202103321323262,1.4142548488071023,Subang,Farmer,25000.0
-0.12106953670842044,-0.36091153245992086,-0.4183720534782543,-0.17277756823659085,-0.322691733539128,-0.5407058481963406,-0.5107591375001769,-0.16577908807203692,-0.5316939670867386,Subang,Farmer,6647.058823529412
0.43512766313186346,1.0548989513138136,0.5175157650441414,0.49752459013773764,0.4568714715484157,-0.15848058470491735,0.3777787570767771,0.5045594442347225,-0.13634154167531415,Subang,Farmer,8700.0
0.6974417202126281,0.9721996230325929,0.809545762591608,0.7895543215620355,0.7300636843732529,0.33914839376286005,0.47023542247164885,0.7966634617297054,-0.6206977372002649,Subang,Farmer,6256.25
0.7131641885558432,0.9721996230325929,0.809545762591608,0.7895543215620355,0.7300636843732529,0.33914839376286005,0.4916158867895361,0.7966634617297054,-0.5730547552775906,Subang,Farmer,6462.5
-0.030365999965674635,-0.36091153245992086,-0.5693226032594967,-0.07179888980927236,-0.07572690404146637,-0.08577951755239864,0.6712921649698512,-0.06481339206069157,1.8638013195945615,Subang,Farmer,33950.0
0.8219805284354678,1.2044241553504915,0.948192828607227,0.9282012376440103,0.8597671569844455,0.33914839376286005,0.8052436162470435,0.9353522333685158,-0.20194470889551572,Subang,Farmer,8320.0
-0.4099230847744993,-0.36091153245992086,-0.25817408598375924,-0.4432558263847105,0.06285051976776611,-0.18946484827740329,-0.5979466302820364,-0.4361701500325144,-0.08654259731335294,Subang,Farmer,9000.0
0.16575289691548636,-0.18039993804948576,0.20012174810775143,0.18013074721816155,0.2806428795700481,0.15387480704159592,-0.01012921076172087,0.18711703496199125,-0.25040444449417665,Subang,Farmer,8050.0
0.48102562530308807,0.010950158005602003,0.5175157650441414,0.49752459013773764,0.4568714715484157,0.04276145830588534,0.15870726522203885,0.5045594442347225,-0.6245179190598289,Subang,Farmer,6240.0
0.43512766313186346,0.9255194377986193,0.5175157650441414,0.49752459013773764,0.4568714715484157,0.04276145830588534,0.3935008391440407,0.5045594442347225,-0.1013058386450678,Subang,Farmer,8910.0
0.15003043041787356,-0.26309915137009027,0.20012174810775143,0.18013074721816155,0.15995147999126874,-0.5144893048928052,-0.006047630044220945,0.18711703496199125,-0.24130898338753048,Subang,Farmer,8100.0
0.12724724061041046,-0.36091153245992086,0.15725405393431885,0.13726306364842825,0.11984904852318384,-0.5627964536204201,-0.01012921076172087,0.14424639311051893,-0.14905958311662337,Subang,Farmer,8625.0
-0.3154631772882485,-0.36091153245992086,-0.8867149092839105,-0.3891926371388966,-0.3295705453366059,-0.5144893048928052,-0.6113996102736333,-0.3821315988192768,-0.24433455119491318,Subang,Farmer,8083.333333333333
0.0017386679835478078,-0.36091153245992086,0.03503106575221702,0.015040084009462216,0.005510307216982673,-0.4151890404633896,-0.2602463350085666,0.02202103321323262,-0.4174736005923619,Subang,Farmer,7184.5620667926905
-0.16696748910468756,-0.36091153245992086,-0.670300925308587,-0.17277756823659085,-0.17019165343434833,-0.42564758951945386,-0.41584782213658184,-0.16577908807203692,-0.32019547510887103,Subang,Farmer,7676.470588235294
-0.16790627918067386,-0.36091153245992086,-0.17133519785643672,-0.19132625453223157,-0.18754379521850378,-0.44697307311656487,-0.41584782213658184,-0.18432438615341923,-0.2763442885228624,Subang,Farmer,7909.090909090909
-0.08916882072856891,-0.36091153245992086,-0.11727202869950375,-0.1372630532169848,-0.1369681141278812,-0.588059510379741,-0.3174910141009111,-0.13027016093222768,-0.18497633028636465,Subang,Farmer,8416.666666666666
0.3378191745118017,-0.2201576049183594,0.409183822462571,0.38919272343537825,0.3555276454691261,-0.2724632871211148,0.18804541738013444,0.3962063986347518,-0.303036930190677,Subang,Farmer,7766.666666666667
0.23606356773954837,-0.18039993804948576,0.2959009945251939,0.2759099575398687,0.2495523135435514,-0.40486204864385666,0.019231533132050803,0.28290631762619234,-0.41140911044966044,Subang,Farmer,7214.285714285715
0.08588679273921689,-0.26309915137009027,0.11120817319444341,0.0912171900786963,0.07677344918868358,-0.6141246990605879,-0.12136434116043973,0.0981985198246972,-0.288079965200676,Subang,Farmer,7846.153846153846
0.48102562530308807,0.9721996230325929,0.5175157650441414,0.49752459013773764,0.4568714715484157,-0.143416206387856,0.3024084386282338,0.5045594442347225,-0.3042983342825066,Subang,Farmer,7760.0
0.3378191745118017,0.456624560241027,0.409183822462571,0.38919272343537825,0.3555276454691261,-0.05841079250803752,0.5257775823330185,0.3962063986347518,0.44958830239723596,Tasikmalaya,Farmer,12964.285714285714
0.3121811911425349,-0.0606871930482668,0.36313791698410725,0.34314684548881536,0.31245200518974875,0.3223929907301922,0.4748289824818177,0.3501528366287975,0.44491150540354424,Tasikmalaya,Farmer,12923.076923076924
0.3452114770319962,-0.26309915137009027,0.3663161099118983,0.3463250366142844,0.3154251835848401,0.14130844880317364,0.4748289824818177,0.3533315307658118,0.43739752368545853,Tasikmalaya,Farmer,12857.142857142857
-0.005097418038643503,0.10876262850915162,0.027420569724818048,0.007429587349312929,-0.0016092569908016487,-0.3702976112750219,0.12622911090290037,0.0144107134243152,0.46176354421329524,Tasikmalaya,Farmer,13072.18309859155
0.8377029970001566,0.7546742095400284,0.682606595392401,0.9282012376440103,0.8597671569844455,0.7830381871277399,0.5831331497401396,0.9353522333685158,-0.6968898421194092,Tasikmalaya,Farmer,5940.0
-0.6104386064113002,-0.36091153245992086,-0.1601396799927741,-0.1801307292002138,-0.17707047462500858,-0.18004617304094936,-0.03092504203067518,-0.17313094531659537,0.5549790113087404,Tasikmalaya,Farmer,13928.57142857143
-0.5604251323417198,-0.11551091042793306,-0.021492868042423344,-0.041483858068287256,-0.04736742251761585,-0.05841079250803752,0.08501736812046971,-0.034500595079082555,0.4855651761141839,Tasikmalaya,Farmer,13285.714285714286
0.36378249217111414,0.8743870809979502,0.7265779423115593,0.7065865845625696,0.6524478073571774,0.6524482096223019,0.8860445449294116,0.7136724767923494,0.5020575540692823,Tasikmalaya,Farmer,13435.714285714286
-0.9213143632748929,-0.36091153245992086,-0.7040977190723474,-0.7240898148650822,-0.6859384260476247,-1.0160357993599283,-1.300508116465716,-0.7167980872777173,-0.9881891482939816,Tasikmalaya,Farmer,4871.428571428572
0.07868526525567587,0.8743870809979502,0.35512057534167385,0.33512950832648597,0.30495183534031,0.1844741029770117,0.4629516666620222,0.3421342491171444,0.43739752368545853,Tasikmalaya,Farmer,12857.142857142857
-0.48589987326758977,-0.36091153245992086,-0.1601396799927741,-0.1801307292002138,-0.17707047462500858,-0.4341114271012783,-0.03092504203067518,-0.17313094531659537,0.5549790113087404,Tasikmalaya,Farmer,13928.57142857143
0.07868526525567587,0.8743870809979502,0.409183822462571,0.38919272343537825,0.3555276454691261,0.25172692422889953,0.5257775823330185,0.3962063986347518,0.44958830239723596,Tasikmalaya,Farmer,12964.285714285714
-0.2596055458490072,-0.36091153245992086,0.09178987413454315,0.07179889265421159,0.0586077674658032,-0.6632347481198597,0.20164534660362077,0.07877976661555151,0.4776461093991945,Tasikmalaya,Farmer,13214.285714285714
0.22641299879854557,0.8743870809979502,0.6328663060411956,0.6128750354947465,0.5647811636704873,0.5332203541953764,0.7727654612610061,0.619936585700237,0.47116869454808574,Tasikmalaya,Farmer,13156.146179401994
-0.9745079273303473,-0.36091153245992086,-0.7040977190723474,-0.7240898148650822,-0.6859384260476247,-1.0160357993599283,-1.3211242915716457,-0.7167980872777173,-1.0341266916370915,Tasikmalaya,Farmer,4721.428571428572
-0.39986676821760164,-0.36091153245992086,-0.06436053465002774,-0.0843515367609814,-0.08746980836148485,-0.32289051266486885,-0.5847627279852917,-0.0773648994667797,-0.9056370756023239,Tasikmalaya,Farmer,5153.061224489796
-0.16960009100621465,-0.30011264473054544,0.2574556246329439,0.23746460408628628,0.2135869298021842,0.3772275970313708,0.3593391437436549,0.2444563768003764,0.43739752368545853,Tasikmalaya,Farmer,12857.142857142857
-0.45866957366060473,-0.36091153245992086,-0.590815405695475,-0.6108071400075773,-0.5799639457692689,-0.9222236363373184,-1.2484900267547647,-0.6036162189967152,-1.1400714964656316,Tasikmalaya,Farmer,4392.857142857143
-0.8280797932447403,-0.36091153245992086,-0.5410822329782375,-0.5610738373948585,-0.5334390309196039,-0.8520745410027658,-0.45754856397003646,-0.5539191468112388,0.5048783133338752,Tasikmalaya,Farmer,13461.538461538461
-0.07626395458352313,-0.36091153245992086,0.2959009945251939,0.2759099575398687,0.2495523135435514,0.11121658760361128,-0.24641058870369034,0.28290631762619234,-1.0033426176962543,Tasikmalaya,Farmer,4821.428571428572
-0.7867193806630797,-0.36091153245992086,-0.4950364900671533,-0.5150279882103092,-0.4903636597051413,-0.8039696899802322,-1.087751263432235,-0.5079029421020628,-1.0083247349354985,Tasikmalaya,Farmer,4805.102040816327
-0.5876554287848148,-0.36091153245992086,-0.27342231496941216,-0.2934134609564537,-0.28304548718126815,-0.40486204864385666,-0.8712382201917529,-0.286386667546044,-1.049764056139397,Tasikmalaya,Farmer,4671.428571428572
-0.3253414972788856,-0.36091153245992086,0.018607161583667698,-0.0013838217081933656,-0.009854136654736202,-0.22495501151476982,-0.5782683587824635,0.005597560433866442,-1.0872957913459764,Tasikmalaya,Farmer,4553.571428571428
-0.7121941453181109,-0.36091153245992086,-0.4120689661194425,-0.43206030363899894,-0.4127482731484302,-0.7154704383284198,-1.0198420466457012,-0.4249800677452063,-1.0531366854201756,Tasikmalaya,Farmer,4660.714285714285
-0.5187393691048238,0.1719512682853324,-0.30104170998969726,-0.5819026457904979,-0.552924137764269,0.2554084827284742,-0.5591605529850417,-0.5747333330902353,0.3276784281571857,Tasikmalaya,Farmer,11931.818181818182
-0.1476091124975335,-0.36091153245992086,0.21647361720888952,0.19648261133147435,0.17524854128630124,0.025932461391637275,-0.33067491683714906,0.20347029076362194,-1.0033426176962543,Tasikmalaya,Farmer,4821.428571428572
-0.1228001135470487,-0.36091153245992086,0.24409306180403997,0.22410204637305875,0.2010863430954407,0.047507054777335585,-0.2733193521202558,0.23109239157463485,-0.9408312289230809,Tasikmalaya,Farmer,5031.055900621118
-0.22943005974921982,-0.36091153245992086,0.12538373160445906,0.10539274676587083,0.09003458449752519,-0.09698768738430621,-0.41584782213658184,0.11237455688801747,-0.9777977619919211,Tasikmalaya,Farmer,4906.015037593985
-0.2596055458490072,-0.36091153245992086,0.09178987413454315,0.07179889265421159,0.0586077674658032,-0.6355895663367158,-0.4363684879866982,0.07877976661555151,-0.9441089617843548,Tasikmalaya,Farmer,5019.841269841269
-0.2008027309143323,-0.36091153245992086,0.15725405393431885,0.13726306364842825,0.11984904852318384,-0.05841079250803752,-0.42859818400026956,0.14424639311051893,-1.0815471645876744,Tasikmalaya,Farmer,4571.428571428572
-0.48589987326758977,-0.36091153245992086,-0.1601396799927741,-0.1801307292002138,-0.17707047462500858,-0.4341114271012783,-0.7157354567058823,-0.17313094531659537,-0.9710601562130738,Tasikmalaya,Farmer,4928.571428571428
-0.8727524382547485,-0.36091153245992086,-0.590815405695475,-0.6108071400075773,-0.5799639457692689,-0.9031744457869764,-1.271391641185762,-0.6036162189967152,-1.1911003395327397,Tasikmalaya,Farmer,4242.857142857143
-0.2008027309143323,-0.36091153245992086,0.15725405393431885,0.13726306364842825,0.11984904852318384,-0.05841079250803752,-0.39350082927987434,0.14424639311051893,-1.0033426176962543,Tasikmalaya,Farmer,4821.428571428572
-0.29150625840049293,-0.36091153245992086,0.05627535391038259,0.036284373171956465,0.02538418641173367,-0.18004617304094936,-0.540591067414676,0.04326504131204705,-1.0923868573513114,Tasikmalaya,Farmer,4537.81512605042
-0.36136112351345984,-0.36091153245992086,-0.021492868042423344,-0.041483858068287256,-0.04736742251761585,-0.2724632871211148,-0.5979466302820364,-0.034500595079082555,-1.0363504359846902,Tasikmalaya,Farmer,4714.285714285715
-0.4412272027031032,-0.36091153245992086,-0.11040638358318534,-0.13039740470336134,-0.13054535505268458,-0.38659463112738157,-0.6391583702006775,-0.12340546074953422,-0.9179942325536905,Tasikmalaya,Farmer,5109.89010989011
-0.1228001135470487,-0.36091153245992086,0.24409306180403997,0.22410204637305875,0.2010863430954407,0.047507054777335585,-0.2733193521202558,0.23109239157463485,-0.9408312289230809,Tasikmalaya,Farmer,5031.055900621118
-0.2008027309143323,-0.36091153245992086,0.15725405393431885,0.13726306364842825,0.11984904852318384,-0.07198111358580793,-0.39350082927987434,0.14424639311051893,-1.0033426176962543,Tasikmalaya,Farmer,4821.428571428572
-0.17623644228612972,-0.4264523484119169,-0.21420283940422769,-0.23419392879125575,-0.22764613958590355,-0.36285364832693373,-0.14104261363917903,-0.2271829308367788,0.43739752368545853,Tasikmalaya,Farmer,12857.142857142857
-0.3341308207425859,0.6635261550788301,-0.3388863875688771,-0.3588776129844136,-0.34428659081154406,-0.5983864957041609,-0.7670395500146187,-0.35182865555247633,-0.6628255574877586,Tasikmalaya,Farmer,6079.3650793650795
-0.4743920340714945,-0.5717719934276914,-0.4950364900671533,-0.5150279882103092,-0.4903636597051413,-0.4341114271012783,-0.41584782213658184,-0.5079029421020628,0.48894603777629,Tasikmalaya,Farmer,13316.326530612245
-0.20219975431401638,0.6635261550788301,-0.24310731879772815,-0.26309843409250555,-0.2546860512815117,-0.545563759773193,-0.22055734693590573,-0.25608020583102564,0.32853472145301743,Tasikmalaya,Farmer,11938.775510204081
-0.15784996080214203,0.446000776358343,-0.1601396799927741,-0.1801307292002138,-0.17707047462500858,-0.6688772738961392,-0.03092504203067518,-0.17313094531659537,0.5549790113087404,Tasikmalaya,Farmer,13928.57142857143
-0.22151346534064,0.6635261550788301,-0.26460891701983946,-0.28460005370207764,-0.27480062438540076,-0.5578358064451423,-0.22055734693590573,-0.27757585689652853,0.3793693180377391,Tasikmalaya,Farmer,12359.154929577464
-0.36136112351345984,0.4577920983671326,-0.3692013684262558,-0.3891926371388966,-0.3726460013646456,-0.34548786233996864,-0.2733193521202558,-0.3821315988192768,0.5090694294898307,Tasikmalaya,Farmer,13500.0
-0.04903364675042308,0.8178628840882715,-0.021492868042423344,-0.041483858068287256,-0.04736742251761585,0.08902642650296066,-0.3537110611496931,-0.034500595079082555,-0.4921209514313275,Tasikmalaya,Farmer,6828.571428571428
-0.59326462530269,-0.634960484181184,-0.644878418925155,-0.6648703137355562,-0.6305393687854807,-0.7367170524689264,-1.1758315545631375,-0.6576346312740657,-0.8503700284623305,Tasikmalaya,Farmer,5350.649350649351
-0.17623644228612972,0.6981500156108136,-0.21420283940422769,-0.23419392879125575,-0.22764613958590355,-0.22495501151476982,-0.14104261363917903,-0.2271829308367788,0.43739752368545853,Tasikmalaya,Farmer,12857.142857142857
-0.39986676821760164,-0.5717719934276914,-0.4120689661194425,-0.43206030363899894,-0.4127482731484302,-0.3766189908374239,-0.33067491683714906,-0.4249800677452063,0.4826005262583,Tasikmalaya,Farmer,13258.92857142857
-0.24809770439298998,0.7306741337673356,-0.24310731879772815,-0.26309843409250555,-0.2546860512815117,-0.3266138080640429,-0.22055734693590573,-0.25608020583102564,0.32853472145301743,Tasikmalaya,Farmer,11938.775510204081
-0.6464582215722621,0.07413878784691502,-0.7040977190723474,-0.7240898148650822,-0.6859384260476247,-0.5627964536204201,-0.6391583702006775,-0.7167980872777173,0.4855651761141839,Tasikmalaya,Farmer,13285.714285714286
-0.4458460741556907,0.446000776358343,-0.5143541056903628,-0.534345646846966,-0.5084351137551117,-0.44697307311656487,-0.4363684879866982,-0.5272086020398306,0.4888867914164607,Tasikmalaya,Farmer,13315.78947368421
-0.15078923833599622,-0.26309915137009027,-0.13477556733923418,-0.15476660120428073,-0.15334254153009905,-0.03518944513595561,-0.0267130585052342,-0.14777109969768515,0.5043985664181596,Tasikmalaya,Farmer,13457.142857142857
-0.36136112351345984,-0.36091153245992086,-0.021492868042423344,-0.041483858068287256,-0.04736742251761585,-0.2724632871211148,0.08501736812046971,-0.034500595079082555,0.4855651761141839,Tasikmalaya,Farmer,13285.714285714286
-0.2008027309143323,-0.36091153245992086,0.15725405393431885,0.13726306364842825,0.11984904852318384,-0.06516791492062145,0.26122409655289125,0.14424639311051893,0.4556459650382187,Tasikmalaya,Farmer,13017.857142857143
0.2517860346590134,1.1527114984578248,0.6611136981914286,0.6411224021885938,0.5912064198430405,0.5690881807854209,0.8127275871574745,0.6481910582888302,0.4934417843287005,Tasikmalaya,Farmer,13357.142857142857
-0.36603153143295974,-0.5961617462733777,-0.37440084473405855,-0.3943921213100472,-0.37751006749680477,-0.3493153059915563,-0.7924798603339114,-0.38732888899663753,-0.6355575367744349,Tasikmalaya,Farmer,6193.27731092437
-0.42765545910513675,-0.5717719934276914,-0.46050908705779403,-0.4805005137403084,-0.4580635828918094,-0.41062915235098596,-0.8029374212342012,-0.47339540269003916,-0.45529548871082237,Tasikmalaya,Farmer,7001.930501930502
-0.36809895772912854,-0.5838282801965938,-0.42779977117093093,-0.4477911362764055,-0.4274643049751885,-0.28478269793678496,-0.8082290815849559,-0.4407032040979548,-0.5444144534461639,Tasikmalaya,Farmer,6589.74358974359
0.2993135162481272,-0.26309915137009027,0.10073010016443845,0.3463250366142844,0.3154251835848401,-0.09698768738430621,0.4629516666620222,0.3533315307658118,0.4109287193676731,Tasikmalaya,Farmer,12627.551020408164
-0.5157524654278747,0.446000776358343,-0.5410822329782375,-0.5610738373948585,-0.5334390309196039,-0.5715503707120667,-0.960007680745856,-0.5539191468112388,-0.6148238026244051,Tasikmalaya,Farmer,6281.318681318681
-0.4010640024370573,0.8354540886873809,-0.12491290752765208,-0.14490393600345383,-0.1441160983215897,0.33831869560196887,-0.5166184929552404,-0.1379099388045171,-0.6106453322179788,Tasikmalaya,Farmer,6299.212598425197
0.37622560463907784,-0.21196686610046656,-0.029833057138639582,-0.049824049109802045,-0.05516960824007998,0.5146811632195541,-0.33557585511950244,-0.04284024291045172,-0.4319921029838124,Tasikmalaya,Farmer,7113.8996138996135
-0.45866957366060473,0.4089872361621038,-0.4950364900671533,-0.5150279882103092,-0.4903636597051413,-0.4341114271012783,-0.41584782213658184,-0.5079029421020628,0.48894603777629,Tasikmalaya,Farmer,13316.326530612245
-0.6750855375850717,-0.8013529255449829,-0.769561577272246,-0.7895539289605594,-0.7471791748267783,-0.5203745253343991,-1.3161568753864967,-0.7821908539529505,-0.868304536874977,Tasikmalaya,Farmer,5285.714285714285
-0.43588639207925867,0.4806246319228874,-0.45216891534538983,-0.4721603257744022,-0.4502614259412399,-0.4856798652410026,-0.3718866581876861,-0.4650597490626213,0.4855651761141839,Tasikmalaya,Farmer,13285.714285714286
-0.2981111937170389,0.6981500156108136,-0.29878641154291824,-0.31877758610744866,-0.3067733936621497,-0.29728978883659524,-0.239609920899854,-0.31174281806227655,0.4177138497788771,Tasikmalaya,Farmer,12686.011904761905
-0.59326462530269,-0.722148939963138,-0.644878418925155,-0.6648703137355562,-0.6305393687854807,-1.346757620539394,-0.5979466302820364,-0.6576346312740657,0.43739752368545853,Tasikmalaya,Farmer,12857.142857142857
-0.6162827471289106,0.2956233926896855,-1.2216091695475928,-0.7240898148650822,-0.6859384260476247,-1.0160357993599283,-0.6391583702006775,-0.7167980872777173,0.4855651761141839,Tasikmalaya,Farmer,13285.714285714286
-0.4211984271186604,-0.43562321391732123,-0.4358170896812347,-0.45580846934611663,-0.4349644365386723,-0.4699774906031059,-0.41584782213658184,-0.4487164752716926,0.3489374382347577,Tasikmalaya,Farmer,12105.751391465677
-0.4068871182644455,-0.5371482223093906,-0.4198845864827452,-0.43987593754687737,-0.42005971842101564,-0.18662788264950314,-0.33067491683714906,-0.4327919227830989,0.5010785571556589,Tasikmalaya,Farmer,13426.763110307415
-0.33095069530679966,0.6514698357958651,-0.3528495344088534,-0.3728407792327218,-0.357348998136656,-0.12920990048134434,-0.2733193521202558,-0.36578640635747023,0.4704097265648183,Tasikmalaya,Farmer,13149.35064935065
-0.4365245973545543,0.513148745696375,-0.5039766914609832,-0.5239682092339862,-0.4987271371918137,-0.4400884630566658,-0.41584782213658184,-0.516837687283111,0.5100828723786547,Tasikmalaya,Farmer,13509.316770186335
-0.7594890923556955,0.10876262850915162,-0.8124290294801682,-0.8324215697207688,-0.7872812058191843,-0.7946779393817522,-0.8311575327566298,-0.8250059308679186,0.31381334746204426,Tasikmalaya,Farmer,11819.727891156463
-0.5072315303196229,0.35529410981923654,-0.531596047075734,-0.5515876285328309,-0.5245647917297216,-0.6906796735193506,-0.4363684879866982,-0.5444393421873878,0.529651007919508,Tasikmalaya,Farmer,13690.47619047619
-0.3772111680625212,-0.3744940985479316,-0.40435043634609946,-0.4243417607976504,-0.40552765501371363,-0.1735168084818014,-0.33067491683714906,-0.417265170859872,0.46435205926123635,Tasikmalaya,Farmer,13095.238095238095
-0.3201335853840636,0.38281211671241727,-0.37440084473405855,-0.3943921213100472,-0.37751006749680477,-0.4722023831982054,-0.2733193521202558,-0.38732888899663753,0.5213622696405013,Tasikmalaya,Farmer,13613.44537815126
-0.04903364675042308,-0.016567834769604675,-0.021492868042423344,-0.041483858068287256,-0.04736742251761585,-0.3845897825482297,0.08501736812046971,-0.034500595079082555,0.4855651761141839,Tasikmalaya,Farmer,13285.714285714286
-2.060536528605641,-1.2959812540915931,-1.9131386968734039,-1.9331480585374714,-1.816972543952302,-0.7907277290430288,-1.791121386058053,-1.9210631275058305,0.7768988326957906,Tasikmalaya,Farmer,16200.0
0.12724724061041046,0.2630992854907479,0.15725405393431885,0.13726306364842825,0.11984904852318384,-0.44697307311656487,0.26122409655289125,0.14424639311051893,0.4556459650382187,Tasikmalaya,Farmer,13017.857142857143
0.3837171357238669,0.3409870351642844,0.409183822462571,0.38919272343537825,0.3555276454691261,0.3795992490402497,0.5257775823330185,0.3962063986347518,0.44958830239723596,Tasikmalaya,Farmer,12964.285714285714
-2.060536528605641,-1.5450700638370765,-1.9131386968734039,-1.9331480585374714,-1.816972543952302,-0.7907277290430288,-1.791121386058053,-1.9210631275058305,0.7768988326957906,Tasikmalaya,Farmer,16200.0
-2.060536528605641,-1.4983906833146274,-1.9131386968734039,-1.9331480585374714,-1.816972543952302,-0.7907277290430288,-1.791121386058053,-1.9210631275058305,0.7768988326957906,Tasikmalaya,Farmer,16200.0
-0.3899884488514161,0.21028781675630465,-0.021492868042423344,-0.041483858068287256,-0.04736742251761585,-0.6141246990605879,0.08501736812046971,-0.034500595079082555,0.4855651761141839,Tasikmalaya,Farmer,13285.714285714286
0.12724724061041046,0.38281211671241727,0.15725405393431885,0.13726306364842825,0.11984904852318384,-0.44697307311656487,0.26122409655289125,0.14424639311051893,0.4556459650382187,Tasikmalaya,Farmer,13017.857142857143
0.7246720337407335,0.2630992854907479,0.2959009945251939,0.2759099575398687,0.2495523135435514,-0.7124796004153033,0.4447245184497225,0.28290631762619234,0.5367869761637851,Tasikmalaya,Farmer,13757.142857142857
-0.04164134522935258,0.2796077714181286,-0.06436053465002774,-0.0843515367609814,-0.08746980836148485,-0.6520647214251492,0.010030561681431327,-0.0773648994667797,0.41980474761026326,Tasikmalaya,Farmer,12704.081632653062
-2.060536528605641,-1.2808682055391987,-1.9131386968734039,-1.9331480585374714,-1.816972543952302,-0.6410446320045904,-1.791121386058053,-1.9210631275058305,0.7768988326957906,Tasikmalaya,Farmer,16200.0
-0.04903364675042308,0.15170420935078668,0.409183822462571,-0.20449992482576748,-0.04736742251761585,-0.6141246990605879,0.08501736812046971,-0.034500595079082555,0.4855651761141839,Tasikmalaya,Farmer,13285.714285714286
-2.060536528605641,-1.4554497558717427,-1.9131386968734039,-1.9331480585374714,-1.816972543952302,-0.5144893048928052,-1.791121386058053,-1.9210631275058305,0.7768988326957906,Tasikmalaya,Farmer,16200.0
0.1574227325384182,0.2630992854907479,0.15725405393431885,0.13726306364842825,0.11984904852318384,-0.44697307311656487,0.26122409655289125,0.14424639311051893,0.4556459650382187,Tasikmalaya,Farmer,13017.857142857143
-2.060536528605641,-1.2462447076265113,-1.9131386968734039,-1.9331480585374714,-1.816972543952302,-0.6410446320045904,-1.791121386058053,-1.9210631275058305,0.7768988326957906,Tasikmalaya,Farmer,16200.0
-2.060536528605641,-1.2808682055391987,-1.9131386968734039,-1.9331480585374714,-1.816972543952302,-0.5144893048928052,-1.791121386058053,-1.9210631275058305,0.7768988326957906,Tasikmalaya,Farmer,16200.0
0.12724724061041046,0.21028781675630465,0.15725405393431885,0.13726306364842825,0.11984904852318384,-0.44697307311656487,0.26122409655289125,0.14424639311051893,0.4556459650382187,Tasikmalaya,Farmer,13017.857142857143
-2.060536528605641,-1.173212713947433,-1.9131386968734039,-1.9331480585374714,-1.816972543952302,-0.5144893048928052,-1.791121386058053,-1.9210631275058305,0.7768988326957906,Tasikmalaya,Farmer,16200.0
-2.060536528605641,-1.2808682055391987,-1.9131386968734039,-1.9331480585374714,-1.816972543952302,-0.6410446320045904,-1.791121386058053,-1.9210631275058305,0.7768988326957906,Tasikmalaya,Farmer,16200.0
0.020821231762552676,-0.18039993804948576,0.05627535391038259,0.036284373171956465,0.02538418641173367,-0.42986860128298343,0.18358467746932405,0.04326504131204705,0.5213622696405013,Tasikmalaya,Farmer,13613.44537815126
-2.060536528605641,-1.2518623314486443,-1.9131386968734039,-1.9331480585374714,-1.816972543952302,-0.588059510379741,-1.791121386058053,-1.9210631275058305,0.7768988326957906,Tasikmalaya,Farmer,16200.0
-2.060536528605641,-1.2518623314486443,-1.9131386968734039,-1.9331480585374714,-1.816972543952302,-0.588059510379741,-1.791121386058053,-1.9210631275058305,0.7768988326957906,Tasikmalaya,Farmer,16200.0
0.3837171357238669,0.38281211671241727,0.409183822462571,0.38919272343537825,0.3555276454691261,-0.40486204864385666,0.5257775823330185,0.3962063986347518,0.44958830239723596,Tasikmalaya,Farmer,12964.285714285714
-2.060536528605641,-1.2808682055391987,-1.9131386968734039,-1.9331480585374714,-1.816972543952302,-0.7275439510898547,-1.791121386058053,-1.9210631275058305,0.7768988326957906,Tasikmalaya,Farmer,16200.0
-2.060536528605641,-1.2690770079310252,-1.9131386968734039,-1.9331480585374714,-1.816972543952302,-0.7907277290430288,-1.791121386058053,-1.9210631275058305,0.7768988326957906,Tasikmalaya,Farmer,16200.0
0.06844441583251892,0.39474920183680046,0.09178987413454315,0.07179889265421159,0.0586077674658032,-0.509811316446669,0.20164534660362077,0.07877976661555151,0.4776461093991945,Tasikmalaya,Farmer,13214.285714285714
-2.060536528605641,-1.0438342246200867,-1.9131386968734039,-1.9331480585374714,-1.816972543952302,-0.5144893048928052,-1.791121386058053,-1.9210631275058305,0.7768988326957906,Tasikmalaya,Farmer,16200.0
-0.04903364675042308,-0.048562763252925606,-0.021492868042423344,-0.041483858068287256,-0.04736742251761585,-0.40486204864385666,0.08501736812046971,-0.034500595079082555,0.4855651761141839,Tasikmalaya,Farmer,13285.714285714286
0.23606356773954837,0.39079961201735053,0.2959009945251939,0.2759099575398687,0.2495523135435514,-0.22166448428510543,0.4447245184497225,0.28290631762619234,0.5367869761637851,Tasikmalaya,Farmer,13757.142857142857
-2.060536528605641,-1.2406852979668284,-1.9131386968734039,-1.9331480585374714,-1.816972543952302,-0.7907277290430288,-1.791121386058053,-1.9210631275058305,0.7768988326957906,Tasikmalaya,Farmer,16200.0
-2.060536528605641,-1.2808682055391987,-1.9131386968734039,-1.9331480585374714,-1.816972543952302,-0.5144893048928052,-1.791121386058053,-1.9210631275058305,0.7768988326957906,Tasikmalaya,Farmer,16200.0
0.1115247743237248,0.11982453274559955,0.15725405393431885,0.13726306364842825,0.11984904852318384,-0.34548786233996864,0.26122409655289125,0.14424639311051893,0.4556459650382187,Tasikmalaya,Farmer,13017.857142857143
0.1115247743237248,-0.36091153245992086,0.15725405393431885,0.13726306364842825,0.11984904852318384,-0.34548786233996864,0.26122409655289125,0.14424639311051893,0.4556459650382187,Tasikmalaya,Farmer,13017.857142857143
