Regency,Tier,Raw_Metric,Original_Row_Index,scaled_log_metric,anomaly_label,anomaly_score,Threat_Level
Garut,1. Farmer,5785.714285714285,1,-0.7355458526058907,1,0.24752751999942002,COMPLIANT
Garut,1. Farmer,5785.714285714285,2,-0.7355458526058907,1,0.24752751999942002,COMPLIANT
Garut,1. Farmer,7425.0,3,-0.36912040535503016,1,0.2759741376016003,COMPLIANT
Garut,1. Farmer,13050.0,4,0.4592686092434759,1,0.29654809781650365,COMPLIANT
Garut,1. Farmer,12750.0,5,0.4251047368707011,1,0.28614716939530427,COMPLIANT
Garut,1. Farmer,4500.0,6,-1.104677884340483,1,0.21469230797801386,COMPLIANT
Garut,1. Farmer,8100.0,7,-0.24130898338753048,1,0.2853439100060853,COMPLIANT
Garut,1. Farmer,5607.142857142857,8,-0.7815946486391393,1,0.24387689350604064,COMPLIANT
Garut,1. Farmer,5940.0,9,-0.6968898421194092,1,0.2494418514861398,COMPLIANT
Garut,1. Farmer,13017.857142857143,10,0.4556459650382187,1,0.2969226848020018,COMPLIANT
Garut,1. Farmer,13050.0,11,0.4592686092434759,1,0.29654809781650365,COMPLIANT
Garut,1. Farmer,9400.0,12,-0.02266581753233312,1,0.2916075143758663,COMPLIANT
Garut,1. Farmer,6714.285714285715,13,-0.5169127171988503,1,0.26719512564042686,COMPLIANT
Garut,1. Farmer,9130.434782608696,14,-0.06540651842706122,1,0.28173792219852006,COMPLIANT
Garut,1. Farmer,13200.0,15,0.47605716066788106,1,0.29772377017976187,COMPLIANT
Garut,1. Farmer,5625.0,16,-0.7769242706378022,1,0.24405952244429546,COMPLIANT
Garut,1. Farmer,13285.714285714286,17,0.4855651761141839,1,0.2971186817960385,COMPLIANT
Garut,1. Farmer,12825.0,18,0.43372047598782093,1,0.29056230143718426,COMPLIANT
Garut,1. Farmer,4821.428571428572,19,-1.0033426176962543,1,0.23993446404774854,COMPLIANT
Garut,1. Farmer,4821.428571428572,20,-1.0033426176962543,1,0.23993446404774854,COMPLIANT
Garut,1. Farmer,5400.0,21,-0.836884745215023,1,0.23727807169114418,COMPLIANT
Garut,1. Farmer,4821.428571428572,22,-1.0033426176962543,1,0.23993446404774854,COMPLIANT
Garut,1. Farmer,5400.0,23,-0.836884745215023,1,0.23727807169114418,COMPLIANT
Garut,1. Farmer,4821.428571428572,24,-1.0033426176962543,1,0.23993446404774854,COMPLIANT
Garut,1. Farmer,7425.0,25,-0.36912040535503016,1,0.2759741376016003,COMPLIANT
Garut,1. Farmer,6930.0,26,-0.47046330095415917,1,0.2743095993460258,COMPLIANT
Garut,1. Farmer,7071.428571428572,27,-0.4407878603112475,1,0.2758319572762126,COMPLIANT
Garut,1. Farmer,6590.0,28,-0.5443573000333068,1,0.26416159530043754,COMPLIANT
Garut,1. Farmer,14500.0,29,0.6140418735487186,1,0.2732501781305198,COMPLIANT
Garut,1. Farmer,12825.0,30,0.43372047598782093,1,0.29056230143718426,COMPLIANT
Garut,1. Farmer,7214.285714285715,31,-0.41140911044966044,1,0.27528430149307587,COMPLIANT
Garut,1. Farmer,7214.285714285715,32,-0.41140911044966044,1,0.27528430149307587,COMPLIANT
Garut,1. Farmer,7500.0,33,-0.35435749370531705,1,0.27898569729284073,COMPLIANT
Garut,1. Farmer,7916.666666666667,34,-0.27493796141677984,1,0.28675546444626676,COMPLIANT
Garut,1. Farmer,6557.142857142857,35,-0.5516992748690018,1,0.263563339352382,COMPLIANT
Garut,1. Farmer,7071.428571428572,36,-0.4407878603112475,1,0.2758319572762126,COMPLIANT
Garut,1. Farmer,7071.428571428572,37,-0.4407878603112475,1,0.2758319572762126,COMPLIANT
Garut,1. Farmer,7071.428571428572,38,-0.4407878603112475,1,0.2758319572762126,COMPLIANT
Garut,1. Farmer,7425.0,39,-0.36912040535503016,1,0.2759741376016003,COMPLIANT
Garut,1. Farmer,12980.76923076923,40,0.451454860396056,1,0.29639352805642866,COMPLIANT
Garut,1. Farmer,7071.428571428572,41,-0.4407878603112475,1,0.2758319572762126,COMPLIANT
Garut,1. Farmer,7071.428571428572,42,-0.4407878603112475,1,0.2758319572762126,COMPLIANT
Garut,1. Farmer,7043.478260869565,43,-0.44660523841853617,1,0.2742701593619092,COMPLIANT
Garut,1. Farmer,13090.90909090909,44,0.46386636509581236,1,0.29547616037495333,COMPLIANT
Garut,1. Farmer,6200.0,45,-0.6339639839798998,1,0.2590247957674887,COMPLIANT
Garut,1. Farmer,7071.428571428572,46,-0.4407878603112475,1,0.2758319572762126,COMPLIANT
Garut,1. Farmer,5500.0,47,-0.8099330778299738,1,0.24112596117020085,COMPLIANT
Garut,1. Farmer,13258.92857142857,48,0.4826005262583,1,0.29722311097597764,COMPLIANT
Garut,1. Farmer,13100.0,49,0.46488613744522195,1,0.29554127385830714,COMPLIANT
Garut,1. Farmer,13017.857142857143,50,0.4556459650382187,1,0.2969226848020018,COMPLIANT
Garut,1. Farmer,12352.941176470587,51,0.378630582644679,1,0.2770450630471937,COMPLIANT
Garut,1. Farmer,19800.0,52,1.071686497333149,1,0.1908413131790226,COMPLIANT
Garut,1. Farmer,19800.0,53,1.071686497333149,1,0.1908413131790226,COMPLIANT
Garut,1. Farmer,19800.0,54,1.071686497333149,1,0.1908413131790226,COMPLIANT
Garut,1. Farmer,9300.0,55,-0.0383765242622639,1,0.2889529831591768,COMPLIANT
Garut,1. Farmer,11880.0,56,0.3212850048792547,1,0.2719921919715799,COMPLIANT
Garut,1. Farmer,12980.76923076923,57,0.451454860396056,1,0.29639352805642866,COMPLIANT
Garut,1. Farmer,16500.0,58,0.8038537969042181,1,0.2408983245871355,COMPLIANT
Garut,1. Farmer,23000.0,59,1.2917645216338174,1,0.1540731828724527,COMPLIANT
Garut,1. Farmer,10444.444444444445,60,0.1321030762979584,1,0.2662846449040297,COMPLIANT
Garut,1. Farmer,10444.444444444445,61,0.1321030762979584,1,0.2662846449040297,COMPLIANT
Garut,1. Farmer,11000.0,62,0.2082318788761539,1,0.26362717827240945,COMPLIANT
Garut,1. Farmer,12535.714285714286,63,0.4002062087780303,1,0.28011089703757613,COMPLIANT
Garut,1. Farmer,13285.714285714286,64,0.4855651761141839,1,0.2971186817960385,COMPLIANT
Garut,1. Farmer,6750.0,65,-0.5091202533222232,1,0.2685195761098084,COMPLIANT
Garut,1. Farmer,6187.5,66,-0.63692837859584,1,0.25844233872668626,COMPLIANT
Garut,1. Farmer,13026.315789473685,67,0.45660015888688554,1,0.2966100425169926,COMPLIANT
Garut,1. Farmer,12980.76923076923,68,0.451454860396056,1,0.29639352805642866,COMPLIANT
Garut,1. Farmer,4871.428571428572,69,-0.9881891482939816,1,0.2399461052087098,COMPLIANT
Garut,1. Farmer,12825.0,70,0.43372047598782093,1,0.29056230143718426,COMPLIANT
Garut,1. Farmer,19800.0,71,1.071686497333149,1,0.1908413131790226,COMPLIANT
Garut,1. Farmer,13200.0,72,0.47605716066788106,1,0.29772377017976187,COMPLIANT
Garut,1. Farmer,13333.333333333334,73,0.4908209377642602,1,0.2941688428252069,COMPLIANT
Garut,1. Farmer,13026.315789473685,74,0.45660015888688554,1,0.2966100425169926,COMPLIANT
Garut,1. Farmer,19800.0,75,1.071686497333149,1,0.1908413131790226,COMPLIANT
Garut,1. Farmer,23571.428571428572,76,1.3278161736572929,1,0.1486550356868337,COMPLIANT
Garut,1. Farmer,6400.0,77,-0.5873295594284275,1,0.2613951918239742,COMPLIANT
Garut,1. Farmer,4921.428571428572,78,-0.9731903900201381,1,0.23816187289096907,COMPLIANT
Garut,1. Farmer,4571.428571428572,79,-1.0815471645876744,1,0.22157159193762532,COMPLIANT
Garut,1. Farmer,5706.666666666667,80,-0.7557522871697471,1,0.244692461946384,COMPLIANT
Garut,1. Farmer,6937.5,81,-0.46887446105889485,1,0.2740867508243631,COMPLIANT
Garut,1. Farmer,9300.0,82,-0.0383765242622639,1,0.2889529831591768,COMPLIANT
Garut,1. Farmer,9300.0,83,-0.0383765242622639,1,0.2889529831591768,COMPLIANT
Garut,1. Farmer,9300.0,84,-0.0383765242622639,1,0.2889529831591768,COMPLIANT
Garut,1. Farmer,4857.142857142857,85,-0.9925027849642377,1,0.24035479419833722,COMPLIANT
Garut,1. Farmer,5491.666666666667,86,-0.8121602608545442,1,0.24171360815162557,COMPLIANT
Garut,1. Farmer,5625.0,87,-0.7769242706378022,1,0.24405952244429546,COMPLIANT
Garut,1. Farmer,5056.547619047619,88,-0.9334077826150072,1,0.23528915264535755,COMPLIANT
Garut,1. Farmer,6000.0,89,-0.6821274249650938,1,0.25276732618602504,COMPLIANT
Garut,1. Farmer,6360.0,90,-0.5965387679916726,1,0.2608227396592786,COMPLIANT
Garut,1. Farmer,5842.857142857143,91,-0.7211099471708992,1,0.24827681342086144,COMPLIANT
Garut,1. Farmer,5842.857142857143,92,-0.7211099471708992,1,0.24827681342086144,COMPLIANT
Garut,1. Farmer,13500.0,93,0.5090694294898307,1,0.28954654674330643,COMPLIANT
Garut,1. Farmer,13757.142857142857,94,0.5367869761637851,1,0.2804381038446359,COMPLIANT
Garut,1. Farmer,12535.714285714286,95,0.4002062087780303,1,0.28011089703757613,COMPLIANT
Garut,1. Farmer,9300.0,96,-0.0383765242622639,1,0.2889529831591768,COMPLIANT
Garut,1. Farmer,9300.0,97,-0.0383765242622639,1,0.2889529831591768,COMPLIANT
Garut,1. Farmer,4700.0,98,-1.0408080483657416,1,0.23404940614696557,COMPLIANT
Indramayu,1. Farmer,12825.0,1,0.43372047598782093,1,0.29056230143718426,COMPLIANT
Indramayu,1. Farmer,20800.0,2,1.144066741960289,1,0.17462154075116043,COMPLIANT
Indramayu,1. Farmer,15600.0,3,0.7214582239636029,1,0.2545971868232743,COMPLIANT
Indramayu,1. Farmer,13285.714285714286,4,0.4855651761141839,1,0.2971186817960385,COMPLIANT
Indramayu,1. Farmer,12825.0,5,0.43372047598782093,1,0.29056230143718426,COMPLIANT
Indramayu,1. Farmer,8680.0,6,-0.1397222684814679,1,0.2815884954804704,COMPLIANT
Indramayu,1. Farmer,13050.0,7,0.4592686092434759,1,0.29654809781650365,COMPLIANT
Indramayu,1. Farmer,13100.0,8,0.46488613744522195,1,0.29554127385830714,COMPLIANT
Indramayu,1. Farmer,12825.0,9,0.43372047598782093,1,0.29056230143718426,COMPLIANT
Indramayu,1. Farmer,13230.0,10,0.47939197032917824,1,0.29759756252046554,COMPLIANT
Indramayu,1. Farmer,13365.0,11,0.4943056386553855,1,0.2938979737758091,COMPLIANT
Indramayu,1. Farmer,5914.285714285715,12,-0.7032622875486286,1,0.249299738259864,COMPLIANT
Indramayu,1. Farmer,13611.111111111111,13,0.521110364252073,1,0.28553837443187113,COMPLIANT
Indramayu,1. Farmer,7500.0,14,-0.35435749370531705,1,0.27898569729284073,COMPLIANT
Indramayu,1. Farmer,13200.0,15,0.47605716066788106,1,0.29772377017976187,COMPLIANT
Indramayu,1. Farmer,16500.0,16,0.8038537969042181,1,0.2408983245871355,COMPLIANT
Indramayu,1. Farmer,18240.0,17,0.9511316974187959,1,0.20773207338851146,COMPLIANT
Indramayu,1. Farmer,13357.142857142857,18,0.4934417843287005,1,0.2938979737758091,COMPLIANT
Indramayu,1. Farmer,18800.0,19,0.9955545379078985,1,0.19712419865482234,COMPLIANT
Indramayu,1. Farmer,4950.0,20,-0.9646879257668823,1,0.2362736555182361,COMPLIANT
Indramayu,1. Farmer,10833.333333333334,21,0.1858045788336486,1,0.26439823858103545,COMPLIANT
Indramayu,1. Farmer,16640.0,22,0.8162655046657595,1,0.23489529527647823,COMPLIANT
Indramayu,1. Farmer,9130.434782608696,23,-0.06540651842706122,1,0.28173792219852006,COMPLIANT
Indramayu,1. Farmer,10500.0,24,0.13989595353036388,1,0.26719333411794394,COMPLIANT
Indramayu,1. Farmer,13140.0,25,0.46936474524360955,1,0.2967185319323886,COMPLIANT
Indramayu,1. Farmer,13230.0,26,0.47939197032917824,1,0.29759756252046554,COMPLIANT
Indramayu,1. Farmer,13140.0,27,0.46936474524360955,1,0.2967185319323886,COMPLIANT
Indramayu,1. Farmer,13307.142857142857,28,0.48793259597497673,1,0.29653517132271645,COMPLIANT
Indramayu,1. Farmer,15500.0,29,0.7120112478998727,1,0.25535895630236116,COMPLIANT
Indramayu,1. Farmer,8400.0,30,-0.18788796550552944,1,0.2803350574651026,COMPLIANT
Indramayu,1. Farmer,13365.0,31,0.4943056386553855,1,0.2938979737758091,COMPLIANT
Indramayu,1. Farmer,13943.661971830987,32,0.5565696869124752,1,0.276996418442462,COMPLIANT
Indramayu,1. Farmer,10600.0,33,0.15381980134211062,1,0.26534227584332154,COMPLIANT
Indramayu,1. Farmer,10400.0,34,0.12583887388169515,1,0.26642114988659565,COMPLIANT
Indramayu,1. Farmer,12825.0,35,0.43372047598782093,1,0.29056230143718426,COMPLIANT
Indramayu,1. Farmer,5720.0,36,-0.7523244277476706,1,0.2468665520694882,COMPLIANT
Indramayu,1. Farmer,5622.489959839358,37,-0.7775798533316353,1,0.24376408697514257,COMPLIANT
Indramayu,1. Farmer,9900.0,38,0.05346219587501643,1,0.2824022070170746,COMPLIANT
Indramayu,1. Farmer,7071.428571428572,39,-0.4407878603112475,1,0.2758319572762126,COMPLIANT
Indramayu,1. Farmer,22000.0,40,1.2264635989340262,1,0.16006278309206523,COMPLIANT
Indramayu,1. Farmer,13132.65306122449,41,0.46854316672145047,1,0.296780998811171,COMPLIANT
Indramayu,1. Farmer,6165.0,42,-0.642279409509917,1,0.25841756329130305,COMPLIANT
Indramayu,1. Farmer,6740.816326530612,43,-0.5111200853884726,1,0.268102976968849,COMPLIANT
Indramayu,1. Farmer,6979.166666666667,44,-0.46007872766870933,1,0.27544444052011285,COMPLIANT
Indramayu,1. Farmer,7215.714285714285,45,-0.41111826981969457,1,0.27506203542910856,COMPLIANT
Indramayu,1. Farmer,13435.714285714286,46,0.5020575540692823,1,0.29357335655885114,COMPLIANT
Indramayu,1. Farmer,13339.285714285714,47,0.49147658786935466,1,0.29400100222925285,COMPLIANT
Indramayu,1. Farmer,6364.285714285715,48,-0.5955493012585922,1,0.26069645547336023,COMPLIANT
Indramayu,1. Farmer,6542.857142857143,49,-0.5549029182985222,1,0.26283923979754586,COMPLIANT
Indramayu,1. Farmer,8977.777777777777,50,-0.09017407201543043,1,0.2816942216851115,COMPLIANT
Indramayu,1. Farmer,7759.0,51,-0.30448763834633474,1,0.28905329276865943,COMPLIANT
Indramayu,1. Farmer,7214.285714285715,52,-0.41140911044966044,1,0.27528430149307587,COMPLIANT
Indramayu,1. Farmer,7070.0,53,-0.44108463502545936,1,0.2751343058650179,COMPLIANT
Indramayu,1. Farmer,12825.0,54,0.43372047598782093,1,0.29056230143718426,COMPLIANT
Indramayu,1. Farmer,5804.0,55,-0.7309109111034079,1,0.248758664288108,COMPLIANT
Indramayu,1. Farmer,5400.0,56,-0.836884745215023,1,0.23727807169114418,COMPLIANT
Indramayu,1. Farmer,13500.0,57,0.5090694294898307,1,0.28954654674330643,COMPLIANT
Indramayu,1. Farmer,7040.0,58,-0.44733079318176644,1,0.27403520511055784,COMPLIANT
Indramayu,1. Farmer,7805.0,59,-0.29580480020625327,1,0.2883522102217427,COMPLIANT
Indramayu,1. Farmer,13230.0,60,0.47939197032917824,1,0.29759756252046554,COMPLIANT
Indramayu,1. Farmer,21200.0,61,1.172049001862941,1,0.1686128130239568,COMPLIANT
Indramayu,1. Farmer,8295.0,62,-0.20636516774402172,1,0.281202407656661,COMPLIANT
Karawang,1. Farmer,6600.0,1,-0.5421300494773901,1,0.26485166962213363,COMPLIANT
Karawang,1. Farmer,13365.0,2,0.4943056386553855,1,0.2938979737758091,COMPLIANT
Karawang,1. Farmer,6120.0,3,-0.6530403005199352,1,0.2580415196608401,COMPLIANT
Karawang,1. Farmer,6120.0,4,-0.6530403005199352,1,0.2580415196608401,COMPLIANT
Karawang,1. Farmer,13365.0,5,0.4943056386553855,1,0.2938979737758091,COMPLIANT
Karawang,1. Farmer,8160.0,6,-0.23046824410611796,1,0.28320939117227895,COMPLIANT
Karawang,1. Farmer,8160.0,7,-0.23046824410611796,1,0.28320939117227895,COMPLIANT
Karawang,1. Farmer,5100.0,8,-0.9208398384734328,1,0.23357214512912883,COMPLIANT
Karawang,1. Farmer,13365.0,9,0.4943056386553855,1,0.2938979737758091,COMPLIANT
Karawang,1. Farmer,13365.0,10,0.4943056386553855,1,0.2938979737758091,COMPLIANT
Karawang,1. Farmer,7650.0,11,-0.32526940935305104,1,0.28317375373812675,COMPLIANT
Karawang,1. Farmer,7680.0,12,-0.3195202726709042,1,0.2841979718678902,COMPLIANT
Karawang,1. Farmer,13435.714285714286,13,0.5020575540692823,1,0.29357335655885114,COMPLIANT
Karawang,1. Farmer,13757.142857142857,14,0.5367869761637851,1,0.2804381038446359,COMPLIANT
Karawang,1. Farmer,7920.0,15,-0.27431960372379993,1,0.28675546444626676,COMPLIANT
Karawang,1. Farmer,8160.0,16,-0.23046824410611796,1,0.28320939117227895,COMPLIANT
Karawang,1. Farmer,9000.0,17,-0.08654259731335294,1,0.28127874656946283,COMPLIANT
Karawang,1. Farmer,5120.0,18,-0.9150910767440936,1,0.23248486255436634,COMPLIANT
Karawang,1. Farmer,6933.333333333333,19,-0.46975693773962085,1,0.27420866028459584,COMPLIANT
Karawang,1. Farmer,4700.0,20,-1.0408080483657416,1,0.23404940614696557,COMPLIANT
Karawang,1. Farmer,7425.0,21,-0.36912040535503016,1,0.2759741376016003,COMPLIANT
Karawang,1. Farmer,8240.0,22,-0.21613725193286631,1,0.28130551499264994,COMPLIANT
Karawang,1. Farmer,8160.0,23,-0.23046824410611796,1,0.28320939117227895,COMPLIANT
Karawang,1. Farmer,8160.0,24,-0.23046824410611796,1,0.28320939117227895,COMPLIANT
Karawang,1. Farmer,7650.0,25,-0.32526940935305104,1,0.28317375373812675,COMPLIANT
Karawang,1. Farmer,7575.0,26,-0.3397414596481692,1,0.2802165191168028,COMPLIANT
Karawang,1. Farmer,6312.5,27,-0.6075502162544089,1,0.26282773010117344,COMPLIANT
Karawang,1. Farmer,8080.0,28,-0.24494041320667223,1,0.2842796597921402,COMPLIANT
Karawang,1. Farmer,7920.0,29,-0.27431960372379993,1,0.28675546444626676,COMPLIANT
Karawang,1. Farmer,6120.0,30,-0.6530403005199352,1,0.2580415196608401,COMPLIANT
Karawang,1. Farmer,6240.0,31,-0.6245179190598289,1,0.2602821138600241,COMPLIANT
Karawang,1. Farmer,7920.0,32,-0.27431960372379993,1,0.28675546444626676,COMPLIANT
Karawang,1. Farmer,6930.0,33,-0.47046330095415917,1,0.2743095993460258,COMPLIANT
Karawang,1. Farmer,7050.0,34,-0.44524578831107403,1,0.2743920089009812,COMPLIANT
Karawang,1. Farmer,6600.0,35,-0.5421300494773901,1,0.26485166962213363,COMPLIANT
Karawang,1. Farmer,6930.0,36,-0.47046330095415917,1,0.2743095993460258,COMPLIANT
Karawang,1. Farmer,7312.625,37,-0.3915216072605839,1,0.2749916797957656,COMPLIANT
Karawang,1. Farmer,8080.0,38,-0.24494041320667223,1,0.2842796597921402,COMPLIANT
Karawang,1. Farmer,13230.0,39,0.47939197032917824,1,0.29759756252046554,COMPLIANT
Karawang,1. Farmer,6600.0,40,-0.5421300494773901,1,0.26485166962213363,COMPLIANT
Karawang,1. Farmer,6240.0,41,-0.6245179190598289,1,0.2602821138600241,COMPLIANT
Karawang,1. Farmer,5657.142857142857,42,-0.7685548246211115,1,0.24520618901196695,COMPLIANT
Karawang,1. Farmer,5843.478260869565,43,-0.7209538118736516,1,0.24815590803533955,COMPLIANT
Karawang,1. Farmer,13310.526315789473,44,0.48830605061247806,1,0.29625722037725355,COMPLIANT
Karawang,1. Farmer,9800.0,45,0.03854892005444268,1,0.28591677044040925,COMPLIANT
Karawang,1. Farmer,5542.857142857143,46,-0.7985320258197032,1,0.24043243385769142,COMPLIANT
Karawang,1. Farmer,4800.0,47,-1.0098851179041,1,0.23641826964868579,COMPLIANT
Karawang,1. Farmer,6240.0,48,-0.6245179190598289,1,0.2602821138600241,COMPLIANT
Karawang,1. Farmer,6933.333333333333,49,-0.46975693773962085,1,0.27420866028459584,COMPLIANT
Karawang,1. Farmer,7428.571428571428,50,-0.3684140353478194,1,0.27583575261915383,COMPLIANT
Karawang,1. Farmer,6300.0,51,-0.610461736065228,1,0.26243995973698486,COMPLIANT
Karawang,1. Farmer,6300.0,52,-0.610461736065228,1,0.26243995973698486,COMPLIANT
Karawang,1. Farmer,8470.0,53,-0.17569768776401049,1,0.28084882919856025,COMPLIANT
Subang,1. Farmer,4700.0,1,-1.0408080483657416,1,0.23404940614696557,COMPLIANT
Subang,1. Farmer,13365.0,2,0.4943056386553855,1,0.2938979737758091,COMPLIANT
Subang,1. Farmer,13313.793103448275,3,0.4886665374452753,1,0.29591731641051383,COMPLIANT
Subang,1. Farmer,6735.714285714285,4,-0.5122322806373499,1,0.268102976968849,COMPLIANT
Subang,1. Farmer,13050.0,5,0.4592686092434759,1,0.29654809781650365,COMPLIANT
Subang,1. Farmer,13050.0,6,0.4592686092434759,1,0.29654809781650365,COMPLIANT
Subang,1. Farmer,9900.0,7,0.05346219587501643,1,0.2824022070170746,COMPLIANT
Subang,1. Farmer,13285.714285714286,8,0.4855651761141839,1,0.2971186817960385,COMPLIANT
Subang,1. Farmer,13428.57142857143,9,0.501276386902835,1,0.29360497348509257,COMPLIANT
Subang,1. Farmer,13230.0,10,0.47939197032917824,1,0.29759756252046554,COMPLIANT
Subang,1. Farmer,13050.0,11,0.4592686092434759,1,0.29654809781650365,COMPLIANT
Subang,1. Farmer,13230.0,12,0.47939197032917824,1,0.29759756252046554,COMPLIANT
Subang,1. Farmer,13764.70588235294,13,0.5375943339387961,1,0.28031823026280955,COMPLIANT
Subang,1. Farmer,13050.0,14,0.4592686092434759,1,0.29654809781650365,COMPLIANT
Subang,1. Farmer,13050.0,15,0.4592686092434759,1,0.29654809781650365,COMPLIANT
Subang,1. Farmer,12535.714285714286,16,0.4002062087780303,1,0.28011089703757613,COMPLIANT
Subang,1. Farmer,13214.285714285714,17,0.4776461093991945,1,0.2980978038986688,COMPLIANT
Subang,1. Farmer,12535.714285714286,18,0.4002062087780303,1,0.28011089703757613,COMPLIANT
Subang,1. Farmer,13200.0,19,0.47605716066788106,1,0.29772377017976187,COMPLIANT
Subang,1. Farmer,13200.0,20,0.47605716066788106,1,0.29772377017976187,COMPLIANT
Subang,1. Farmer,13200.0,21,0.47605716066788106,1,0.29772377017976187,COMPLIANT
Subang,1. Farmer,14029.411764705883,22,0.5655759127995625,1,0.2760943082079774,COMPLIANT
Subang,1. Farmer,13365.0,23,0.4943056386553855,1,0.2938979737758091,COMPLIANT
Subang,1. Farmer,5610.0,24,-0.7808463896852839,1,0.2442389297777124,COMPLIANT
Subang,1. Farmer,5772.413793103448,25,-0.7389263834866677,1,0.2473970863952082,COMPLIANT
Subang,1. Farmer,13365.0,26,0.4943056386553855,1,0.2938979737758091,COMPLIANT
Subang,1. Farmer,14343.75,27,0.5981263080643484,1,0.2727585042335937,COMPLIANT
Subang,1. Farmer,6840.0,28,-0.48966463103081587,1,0.2725009792606215,COMPLIANT
Subang,1. Farmer,13320.0,29,0.4893512188258885,1,0.295725752229941,COMPLIANT
Subang,1. Farmer,5940.0,30,-0.6968898421194092,1,0.2494418514861398,COMPLIANT
Subang,1. Farmer,13050.0,31,0.4592686092434759,1,0.29654809781650365,COMPLIANT
Subang,1. Farmer,13200.0,32,0.47605716066788106,1,0.29772377017976187,COMPLIANT
Subang,1. Farmer,9888.888888888889,33,0.051812621615651734,1,0.2837775717576695,COMPLIANT
Subang,1. Farmer,8850.0,34,-0.1112310707577594,1,0.28173051382232417,COMPLIANT
Subang,1. Farmer,10038.461538461539,35,0.07386456318959465,1,0.279178464469581,COMPLIANT
Subang,1. Farmer,8887.5,36,-0.10501994710599417,1,0.282202960404208,COMPLIANT
Subang,1. Farmer,9472.222222222223,37,-0.011422783163065556,1,0.29434767762409453,COMPLIANT
Subang,1. Farmer,8700.0,38,-0.13634154167531415,1,0.2812976235004974,COMPLIANT
Subang,1. Farmer,9472.222222222223,39,-0.011422783163065556,1,0.29434767762409453,COMPLIANT
Subang,1. Farmer,10260.0,40,0.10593021706796196,1,0.2707882604830531,COMPLIANT
Subang,1. Farmer,9454.545454545454,41,-0.0141666325885786,1,0.29323138447940295,COMPLIANT
Subang,1. Farmer,9472.222222222223,42,-0.011422783163065556,1,0.29434767762409453,COMPLIANT
Subang,1. Farmer,9620.689655172413,43,0.011422783163065556,1,0.2940334089465578,COMPLIANT
Subang,1. Farmer,8550.0,44,-0.16188868762820313,1,0.28079190818767286,COMPLIANT
Subang,1. Farmer,12825.0,45,0.43372047598782093,1,0.29056230143718426,COMPLIANT
Subang,1. Farmer,8850.0,46,-0.1112310707577594,1,0.28173051382232417,COMPLIANT
Subang,1. Farmer,9700.0,47,0.023482700577727392,1,0.2900482323706571,COMPLIANT
Subang,1. Farmer,12825.0,48,0.43372047598782093,1,0.29056230143718426,COMPLIANT
Subang,1. Farmer,8320.0,49,-0.20194470889551572,1,0.28160894994816416,COMPLIANT
Subang,1. Farmer,6256.25,50,-0.6206977372002649,1,0.2611355056470728,COMPLIANT
Subang,1. Farmer,9620.689655172413,51,0.011422783163065556,1,0.2940334089465578,COMPLIANT
Subang,1. Farmer,5940.0,52,-0.6968898421194092,1,0.2494418514861398,COMPLIANT
Subang,1. Farmer,2918.9189189189187,53,-1.7404192051787515,1,0.10988126088153183,COMPLIANT
Subang,1. Farmer,8800.0,54,-0.11955362975560448,1,0.27801782670706865,COMPLIANT
Subang,1. Farmer,9891.891891891892,55,0.0522586351799654,1,0.28322170331153984,COMPLIANT
Subang,1. Farmer,25000.0,56,1.4142548488071023,1,0.14351329762770704,COMPLIANT
Subang,1. Farmer,6647.058823529412,57,-0.5316939670867386,1,0.2666426359553663,COMPLIANT
Subang,1. Farmer,8700.0,58,-0.13634154167531415,1,0.2812976235004974,COMPLIANT
Subang,1. Farmer,6256.25,59,-0.6206977372002649,1,0.2611355056470728,COMPLIANT
Subang,1. Farmer,6462.5,60,-0.5730547552775906,1,0.2626430273673927,COMPLIANT
Subang,1. Farmer,33950.0,61,1.8638013195945615,1,0.12052541547128925,COMPLIANT
Subang,1. Farmer,8320.0,62,-0.20194470889551572,1,0.28160894994816416,COMPLIANT
Subang,1. Farmer,9000.0,63,-0.08654259731335294,1,0.28127874656946283,COMPLIANT
Subang,1. Farmer,8050.0,64,-0.25040444449417665,1,0.2849884748384807,COMPLIANT
Subang,1. Farmer,6240.0,65,-0.6245179190598289,1,0.2602821138600241,COMPLIANT
Subang,1. Farmer,8910.0,66,-0.1013058386450678,1,0.2809431466287453,COMPLIANT
Subang,1. Farmer,8100.0,67,-0.24130898338753048,1,0.2853439100060853,COMPLIANT
Subang,1. Farmer,8625.0,68,-0.14905958311662337,1,0.2814327886028873,COMPLIANT
Subang,1. Farmer,8083.333333333333,69,-0.24433455119491318,1,0.2842796597921402,COMPLIANT
Subang,1. Farmer,7184.5620667926905,70,-0.4174736005923619,1,0.2752043949321676,COMPLIANT
Subang,1. Farmer,7676.470588235294,71,-0.32019547510887103,1,0.2839684463751058,COMPLIANT
Subang,1. Farmer,7909.090909090909,72,-0.2763442885228624,1,0.28675546444626676,COMPLIANT
Subang,1. Farmer,8416.666666666666,73,-0.18497633028636465,1,0.2809962574320935,COMPLIANT
Subang,1. Farmer,7766.666666666667,74,-0.303036930190677,1,0.28983608825577756,COMPLIANT
Subang,1. Farmer,7214.285714285715,75,-0.41140911044966044,1,0.27528430149307587,COMPLIANT
Subang,1. Farmer,7846.153846153846,76,-0.288079965200676,1,0.2874536761613771,COMPLIANT
Subang,1. Farmer,7760.0,77,-0.3042983342825066,1,0.2893028655495142,COMPLIANT
Tasikmalaya,1. Farmer,12964.285714285714,1,0.44958830239723596,1,0.29609924518327696,COMPLIANT
Tasikmalaya,1. Farmer,12923.076923076924,2,0.44491150540354424,1,0.2931081604735789,COMPLIANT
Tasikmalaya,1. Farmer,12857.142857142857,3,0.43739752368545853,1,0.2914060449834426,COMPLIANT
Tasikmalaya,1. Farmer,13072.18309859155,4,0.46176354421329524,1,0.296008222760921,COMPLIANT
Tasikmalaya,1. Farmer,5940.0,5,-0.6968898421194092,1,0.2494418514861398,COMPLIANT
Tasikmalaya,1. Farmer,13928.57142857143,6,0.5549790113087404,1,0.2769964184424619,COMPLIANT
Tasikmalaya,1. Farmer,13285.714285714286,7,0.4855651761141839,1,0.2971186817960385,COMPLIANT
Tasikmalaya,1. Farmer,13435.714285714286,8,0.5020575540692823,1,0.29357335655885114,COMPLIANT
Tasikmalaya,1. Farmer,4871.428571428572,9,-0.9881891482939816,1,0.2399461052087098,COMPLIANT
Tasikmalaya,1. Farmer,12857.142857142857,10,0.43739752368545853,1,0.2914060449834426,COMPLIANT
Tasikmalaya,1. Farmer,13928.57142857143,11,0.5549790113087404,1,0.2769964184424619,COMPLIANT
Tasikmalaya,1. Farmer,12964.285714285714,12,0.44958830239723596,1,0.29609924518327696,COMPLIANT
Tasikmalaya,1. Farmer,13214.285714285714,13,0.4776461093991945,1,0.2980978038986688,COMPLIANT
Tasikmalaya,1. Farmer,13156.146179401994,14,0.47116869454808574,1,0.29737273736972114,COMPLIANT
Tasikmalaya,1. Farmer,4721.428571428572,15,-1.0341266916370915,1,0.23509933815076134,COMPLIANT
Tasikmalaya,1. Farmer,5153.061224489796,16,-0.9056370756023239,1,0.2314033078730552,COMPLIANT
Tasikmalaya,1. Farmer,12857.142857142857,17,0.43739752368545853,1,0.2914060449834426,COMPLIANT
Tasikmalaya,1. Farmer,4392.857142857143,18,-1.1400714964656316,1,0.20717687117373285,COMPLIANT
Tasikmalaya,1. Farmer,13461.538461538461,19,0.5048783133338752,1,0.292300885682816,COMPLIANT
Tasikmalaya,1. Farmer,4821.428571428572,20,-1.0033426176962543,1,0.23993446404774854,COMPLIANT
Tasikmalaya,1. Farmer,4805.102040816327,21,-1.0083247349354985,1,0.2369902160397141,COMPLIANT
Tasikmalaya,1. Farmer,4671.428571428572,22,-1.049764056139397,1,0.2314232542092025,COMPLIANT
Tasikmalaya,1. Farmer,4553.571428571428,23,-1.0872957913459764,1,0.21914527966635045,COMPLIANT
Tasikmalaya,1. Farmer,4660.714285714285,24,-1.0531366854201756,1,0.23046174905778494,COMPLIANT
Tasikmalaya,1. Farmer,11931.818181818182,25,0.3276784281571857,1,0.271249949794819,COMPLIANT
Tasikmalaya,1. Farmer,4821.428571428572,26,-1.0033426176962543,1,0.23993446404774854,COMPLIANT
Tasikmalaya,1. Farmer,5031.055900621118,27,-0.9408312289230809,1,0.23582900994982792,COMPLIANT
Tasikmalaya,1. Farmer,4906.015037593985,28,-0.9777977619919211,1,0.23915200911335416,COMPLIANT
Tasikmalaya,1. Farmer,5019.841269841269,29,-0.9441089617843548,1,0.2358803972602162,COMPLIANT
Tasikmalaya,1. Farmer,4571.428571428572,30,-1.0815471645876744,1,0.22157159193762532,COMPLIANT
Tasikmalaya,1. Farmer,4928.571428571428,31,-0.9710601562130738,1,0.2379139376467821,COMPLIANT
Tasikmalaya,1. Farmer,4242.857142857143,32,-1.1911003395327397,1,0.19736754550372326,COMPLIANT
Tasikmalaya,1. Farmer,4821.428571428572,33,-1.0033426176962543,1,0.23993446404774854,COMPLIANT
Tasikmalaya,1. Farmer,4537.81512605042,34,-1.0923868573513114,1,0.21916930638652432,COMPLIANT
Tasikmalaya,1. Farmer,4714.285714285715,35,-1.0363504359846902,1,0.2345405449435209,COMPLIANT
Tasikmalaya,1. Farmer,5109.89010989011,36,-0.9179942325536905,1,0.23238925774235708,COMPLIANT
Tasikmalaya,1. Farmer,5031.055900621118,37,-0.9408312289230809,1,0.23582900994982792,COMPLIANT
Tasikmalaya,1. Farmer,4821.428571428572,38,-1.0033426176962543,1,0.23993446404774854,COMPLIANT
Tasikmalaya,1. Farmer,12857.142857142857,39,0.43739752368545853,1,0.2914060449834426,COMPLIANT
Tasikmalaya,1. Farmer,6079.3650793650795,40,-0.6628255574877586,1,0.2564544030873034,COMPLIANT
Tasikmalaya,1. Farmer,13316.326530612245,41,0.48894603777629,1,0.295725752229941,COMPLIANT
Tasikmalaya,1. Farmer,11938.775510204081,42,0.32853472145301743,1,0.27139219368057005,COMPLIANT
Tasikmalaya,1. Farmer,13928.57142857143,43,0.5549790113087404,1,0.2769964184424619,COMPLIANT
Tasikmalaya,1. Farmer,12359.154929577464,44,0.3793693180377391,1,0.27698239777142014,COMPLIANT
Tasikmalaya,1. Farmer,13500.0,45,0.5090694294898307,1,0.28954654674330643,COMPLIANT
Tasikmalaya,1. Farmer,6828.571428571428,46,-0.4921209514313275,1,0.2726444402342935,COMPLIANT
Tasikmalaya,1. Farmer,5350.649350649351,47,-0.8503700284623305,1,0.23562073798467809,COMPLIANT
Tasikmalaya,1. Farmer,12857.142857142857,48,0.43739752368545853,1,0.2914060449834426,COMPLIANT
Tasikmalaya,1. Farmer,13258.92857142857,49,0.4826005262583,1,0.29722311097597764,COMPLIANT
Tasikmalaya,1. Farmer,11938.775510204081,50,0.32853472145301743,1,0.27139219368057005,COMPLIANT
Tasikmalaya,1. Farmer,13285.714285714286,51,0.4855651761141839,1,0.2971186817960385,COMPLIANT
Tasikmalaya,1. Farmer,13315.78947368421,52,0.4888867914164607,1,0.295725752229941,COMPLIANT
Tasikmalaya,1. Farmer,13457.142857142857,53,0.5043985664181596,1,0.2934086413066188,COMPLIANT
Tasikmalaya,1. Farmer,13285.714285714286,54,0.4855651761141839,1,0.2971186817960385,COMPLIANT
Tasikmalaya,1. Farmer,13017.857142857143,55,0.4556459650382187,1,0.2969226848020018,COMPLIANT
Tasikmalaya,1. Farmer,13357.142857142857,56,0.4934417843287005,1,0.2938979737758091,COMPLIANT
Tasikmalaya,1. Farmer,6193.27731092437,57,-0.6355575367744349,1,0.2590247957674887,COMPLIANT
Tasikmalaya,1. Farmer,7001.930501930502,58,-0.45529548871082237,1,0.275109586927266,COMPLIANT
Tasikmalaya,1. Farmer,6589.74358974359,59,-0.5444144534461639,1,0.26416159530043754,COMPLIANT
Tasikmalaya,1. Farmer,12627.551020408164,60,0.4109287193676731,1,0.28008647015860083,COMPLIANT
Tasikmalaya,1. Farmer,6281.318681318681,61,-0.6148238026244051,1,0.2623820226074102,COMPLIANT
Tasikmalaya,1. Farmer,6299.212598425197,62,-0.6106453322179788,1,0.26243995973698486,COMPLIANT
Tasikmalaya,1. Farmer,7113.8996138996135,63,-0.4319921029838124,1,0.2753413091762191,COMPLIANT
Tasikmalaya,1. Farmer,13316.326530612245,64,0.48894603777629,1,0.295725752229941,COMPLIANT
Tasikmalaya,1. Farmer,5285.714285714285,65,-0.868304536874977,1,0.23443908422586318,COMPLIANT
Tasikmalaya,1. Farmer,13285.714285714286,66,0.4855651761141839,1,0.2971186817960385,COMPLIANT
Tasikmalaya,1. Farmer,12686.011904761905,67,0.4177138497788771,1,0.281542797591117,COMPLIANT
Tasikmalaya,1. Farmer,12857.142857142857,68,0.43739752368545853,1,0.2914060449834426,COMPLIANT
Tasikmalaya,1. Farmer,13285.714285714286,69,0.4855651761141839,1,0.2971186817960385,COMPLIANT
Tasikmalaya,1. Farmer,12105.751391465677,70,0.3489374382347577,1,0.2720190661697826,COMPLIANT
Tasikmalaya,1. Farmer,13426.763110307415,71,0.5010785571556589,1,0.29360497348509257,COMPLIANT
Tasikmalaya,1. Farmer,13149.35064935065,72,0.4704097265648183,1,0.29737273736972114,COMPLIANT
Tasikmalaya,1. Farmer,13509.316770186335,73,0.5100828723786547,1,0.28878051672316735,COMPLIANT
Tasikmalaya,1. Farmer,11819.727891156463,74,0.31381334746204426,1,0.27145566501269086,COMPLIANT
Tasikmalaya,1. Farmer,13690.47619047619,75,0.529651007919508,1,0.28342913585992086,COMPLIANT
Tasikmalaya,1. Farmer,13095.238095238095,76,0.46435205926123635,1,0.29608044213589935,COMPLIANT
Tasikmalaya,1. Farmer,13613.44537815126,77,0.5213622696405013,1,0.28553837443187113,COMPLIANT
Tasikmalaya,1. Farmer,13285.714285714286,78,0.4855651761141839,1,0.2971186817960385,COMPLIANT
Tasikmalaya,1. Farmer,16200.0,79,0.7768988326957906,1,0.25526342823260667,COMPLIANT
Tasikmalaya,1. Farmer,13017.857142857143,80,0.4556459650382187,1,0.2969226848020018,COMPLIANT
Tasikmalaya,1. Farmer,12964.285714285714,81,0.44958830239723596,1,0.29609924518327696,COMPLIANT
Tasikmalaya,1. Farmer,16200.0,82,0.7768988326957906,1,0.25526342823260667,COMPLIANT
Tasikmalaya,1. Farmer,16200.0,83,0.7768988326957906,1,0.25526342823260667,COMPLIANT
Tasikmalaya,1. Farmer,13285.714285714286,84,0.4855651761141839,1,0.2971186817960385,COMPLIANT
Tasikmalaya,1. Farmer,13017.857142857143,85,0.4556459650382187,1,0.2969226848020018,COMPLIANT
Tasikmalaya,1. Farmer,13757.142857142857,86,0.5367869761637851,1,0.2804381038446359,COMPLIANT
Tasikmalaya,1. Farmer,12704.081632653062,87,0.41980474761026326,1,0.28297751860122733,COMPLIANT
Tasikmalaya,1. Farmer,16200.0,88,0.7768988326957906,1,0.25526342823260667,COMPLIANT
Tasikmalaya,1. Farmer,13285.714285714286,89,0.4855651761141839,1,0.2971186817960385,COMPLIANT
Tasikmalaya,1. Farmer,16200.0,90,0.7768988326957906,1,0.25526342823260667,COMPLIANT
Tasikmalaya,1. Farmer,13017.857142857143,91,0.4556459650382187,1,0.2969226848020018,COMPLIANT
Tasikmalaya,1. Farmer,16200.0,92,0.7768988326957906,1,0.25526342823260667,COMPLIANT
Tasikmalaya,1. Farmer,16200.0,93,0.7768988326957906,1,0.25526342823260667,COMPLIANT
Tasikmalaya,1. Farmer,13017.857142857143,94,0.4556459650382187,1,0.2969226848020018,COMPLIANT
Tasikmalaya,1. Farmer,16200.0,95,0.7768988326957906,1,0.25526342823260667,COMPLIANT
Tasikmalaya,1. Farmer,16200.0,96,0.7768988326957906,1,0.25526342823260667,COMPLIANT
Tasikmalaya,1. Farmer,13613.44537815126,97,0.5213622696405013,1,0.28553837443187113,COMPLIANT
Tasikmalaya,1. Farmer,16200.0,98,0.7768988326957906,1,0.25526342823260667,COMPLIANT
Tasikmalaya,1. Farmer,16200.0,99,0.7768988326957906,1,0.25526342823260667,COMPLIANT
Tasikmalaya,1. Farmer,12964.285714285714,100,0.44958830239723596,1,0.29609924518327696,COMPLIANT
Tasikmalaya,1. Farmer,16200.0,101,0.7768988326957906,1,0.25526342823260667,COMPLIANT
Tasikmalaya,1. Farmer,16200.0,102,0.7768988326957906,1,0.25526342823260667,COMPLIANT
Tasikmalaya,1. Farmer,13214.285714285714,103,0.4776461093991945,1,0.2980978038986688,COMPLIANT
Tasikmalaya,1. Farmer,16200.0,104,0.7768988326957906,1,0.25526342823260667,COMPLIANT
Tasikmalaya,1. Farmer,13285.714285714286,105,0.4855651761141839,1,0.2971186817960385,COMPLIANT
Tasikmalaya,1. Farmer,13757.142857142857,106,0.5367869761637851,1,0.2804381038446359,COMPLIANT
Tasikmalaya,1. Farmer,16200.0,107,0.7768988326957906,1,0.25526342823260667,COMPLIANT
Tasikmalaya,1. Farmer,16200.0,108,0.7768988326957906,1,0.25526342823260667,COMPLIANT
Tasikmalaya,1. Farmer,13017.857142857143,109,0.4556459650382187,1,0.2969226848020018,COMPLIANT
Tasikmalaya,1. Farmer,13017.857142857143,110,0.4556459650382187,1,0.2969226848020018,COMPLIANT
Garut,2. Rice Miller,9676.329862888999,1,0.0,1,0.30195044424350787,COMPLIANT
Garut,2. Rice Miller,10000.0,2,0.641456968269679,1,0.2750417623018193,COMPLIANT
Garut,2. Rice Miller,10000.0,3,0.641456968269679,1,0.2750417623018193,COMPLIANT
Garut,2. Rice Miller,10000.0,4,0.641456968269679,1,0.2750417623018193,COMPLIANT
Garut,2. Rice Miller,10000.0,5,0.641456968269679,1,0.2750417623018193,COMPLIANT
Garut,2. Rice Miller,9676.329862889,6,0.0,1,0.30195044424350787,COMPLIANT
Garut,2. Rice Miller,10000.0,7,0.641456968269679,1,0.2750417623018193,COMPLIANT
Garut,2. Rice Miller,10000.0,8,0.641456968269679,1,0.2750417623018193,COMPLIANT
Garut,2. Rice Miller,10000.0,9,0.641456968269679,1,0.2750417623018193,COMPLIANT
Garut,2. Rice Miller,10000.0,10,0.641456968269679,1,0.2750417623018193,COMPLIANT
Garut,2. Rice Miller,10000.0,11,0.641456968269679,1,0.2750417623018193,COMPLIANT
Garut,2. Rice Miller,10000.0,12,0.641456968269679,1,0.2750417623018193,COMPLIANT
Garut,2. Rice Miller,10000.0,13,0.641456968269679,1,0.2750417623018193,COMPLIANT
Garut,2. Rice Miller,10000.0,14,0.641456968269679,1,0.2750417623018193,COMPLIANT
Garut,2. Rice Miller,10000.0,15,0.641456968269679,1,0.2750417623018193,COMPLIANT
Garut,2. Rice Miller,10000.0,16,0.641456968269679,1,0.2750417623018193,COMPLIANT
Garut,2. Rice Miller,10000.0,17,0.641456968269679,1,0.2750417623018193,COMPLIANT
Garut,2. Rice Miller,9444.44444444445,18,-0.47288745323281595,1,0.27373913070749867,COMPLIANT
Garut,2. Rice Miller,9676.329862889,19,0.0,1,0.30195044424350787,COMPLIANT
Garut,2. Rice Miller,10000.0,20,0.641456968269679,1,0.2750417623018193,COMPLIANT
Garut,2. Rice Miller,9000.0,21,-1.4126168981705016,1,0.19842465087703115,COMPLIANT
Garut,2. Rice Miller,9000.0,22,-1.4126168981705016,1,0.19842465087703115,COMPLIANT
Garut,2. Rice Miller,9000.0,23,-1.4126168981705016,1,0.19842465087703115,COMPLIANT
Garut,2. Rice Miller,10000.0,24,0.641456968269679,1,0.2750417623018193,COMPLIANT
Indramayu,2. Rice Miller,9000.0,1,-1.4126168981705016,1,0.19842465087703115,COMPLIANT
Indramayu,2. Rice Miller,10000.0,2,0.641456968269679,1,0.2750417623018193,COMPLIANT
Indramayu,2. Rice Miller,9676.329862889,3,0.0,1,0.30195044424350787,COMPLIANT
Indramayu,2. Rice Miller,9676.329862889,4,0.0,1,0.30195044424350787,COMPLIANT
Indramayu,2. Rice Miller,9676.329862889,5,0.0,1,0.30195044424350787,COMPLIANT
Indramayu,2. Rice Miller,9676.329862889,6,0.0,1,0.30195044424350787,COMPLIANT
Indramayu,2. Rice Miller,9032.25806451613,7,-1.3428652535264876,1,0.19472930125490434,COMPLIANT
Indramayu,2. Rice Miller,9676.329862889,8,0.0,1,0.30195044424350787,COMPLIANT
Indramayu,2. Rice Miller,8500.0,9,-2.52694857883007,1,0.04225518522524896,COMPLIANT
Indramayu,2. Rice Miller,9000.0,10,-1.4126168981705016,1,0.19842465087703115,COMPLIANT
Indramayu,2. Rice Miller,8952.38095238095,11,-1.5160418317454913,1,0.1660252410394642,COMPLIANT
Indramayu,2. Rice Miller,9000.0,12,-1.4126168981705016,1,0.19842465087703115,COMPLIANT
Indramayu,2. Rice Miller,9000.0,13,-1.4126168981705016,1,0.19842465087703115,COMPLIANT
Indramayu,2. Rice Miller,9676.329862889,14,0.0,1,0.30195044424350787,COMPLIANT
Indramayu,2. Rice Miller,9676.329862889,15,0.0,1,0.30195044424350787,COMPLIANT
Indramayu,2. Rice Miller,9676.329862889,16,0.0,1,0.30195044424350787,COMPLIANT
Indramayu,2. Rice Miller,9000.0,17,-1.4126168981705016,1,0.19842465087703115,COMPLIANT
Karawang,2. Rice Miller,9100.0,1,-1.197194021935603,1,0.19712398243405022,COMPLIANT
Karawang,2. Rice Miller,9500.0,2,-0.358543031730321,1,0.2789616406627798,COMPLIANT
Karawang,2. Rice Miller,9500.0,3,-0.358543031730321,1,0.2789616406627798,COMPLIANT
Karawang,2. Rice Miller,9500.0,4,-0.358543031730321,1,0.2789616406627798,COMPLIANT
Karawang,2. Rice Miller,9500.0,5,-0.358543031730321,1,0.2789616406627798,COMPLIANT
Karawang,2. Rice Miller,9000.0,6,-1.4126168981705016,1,0.19842465087703115,COMPLIANT
Karawang,2. Rice Miller,9500.0,7,-0.358543031730321,1,0.2789616406627798,COMPLIANT
Karawang,2. Rice Miller,9500.0,8,-0.358543031730321,1,0.2789616406627798,COMPLIANT
Karawang,2. Rice Miller,9676.329862889,9,0.0,1,0.30195044424350787,COMPLIANT
Karawang,2. Rice Miller,9666.66666666667,10,-0.019478976839827727,1,0.29217789804265937,COMPLIANT
Karawang,2. Rice Miller,10000.0,11,0.641456968269679,1,0.2750417623018193,COMPLIANT
Karawang,2. Rice Miller,9500.0,12,-0.358543031730321,1,0.2789616406627798,COMPLIANT
Karawang,2. Rice Miller,9676.329862889002,13,0.0,1,0.30195044424350787,COMPLIANT
Karawang,2. Rice Miller,9000.0,14,-1.4126168981705016,1,0.19842465087703115,COMPLIANT
Subang,2. Rice Miller,9500.0,1,-0.358543031730321,1,0.2789616406627798,COMPLIANT
Subang,2. Rice Miller,9676.329862889,2,0.0,1,0.30195044424350787,COMPLIANT
Subang,2. Rice Miller,9500.0,3,-0.358543031730321,1,0.2789616406627798,COMPLIANT
Subang,2. Rice Miller,9676.329862889,4,0.0,1,0.30195044424350787,COMPLIANT
Subang,2. Rice Miller,9000.0,5,-1.4126168981705016,1,0.19842465087703115,COMPLIANT
Subang,2. Rice Miller,9676.329862889,6,0.0,1,0.30195044424350787,COMPLIANT
Subang,2. Rice Miller,9000.0,7,-1.4126168981705016,1,0.19842465087703115,COMPLIANT
Subang,2. Rice Miller,9676.329862889,8,0.0,1,0.30195044424350787,COMPLIANT
Subang,2. Rice Miller,9676.329862889,9,0.0,1,0.30195044424350787,COMPLIANT
Subang,2. Rice Miller,9676.329862889,10,0.0,1,0.30195044424350787,COMPLIANT
Subang,2. Rice Miller,9676.329862889,11,0.0,1,0.30195044424350787,COMPLIANT
Subang,2. Rice Miller,9676.329862889,12,0.0,1,0.30195044424350787,COMPLIANT
Subang,2. Rice Miller,9676.329862889,13,0.0,1,0.30195044424350787,COMPLIANT
Subang,2. Rice Miller,9676.329862889,14,0.0,1,0.30195044424350787,COMPLIANT
Subang,2. Rice Miller,9676.329862889,15,0.0,1,0.30195044424350787,COMPLIANT
Subang,2. Rice Miller,9676.329862889,16,0.0,1,0.30195044424350787,COMPLIANT
Subang,2. Rice Miller,8000.0,17,-3.708847506816764,-1,-0.0071964018942681784,CRITICAL RISK
Subang,2. Rice Miller,8000.0,18,-3.708847506816764,-1,-0.0071964018942681784,CRITICAL RISK
Subang,2. Rice Miller,9676.329862888999,19,0.0,1,0.30195044424350787,COMPLIANT
Subang,2. Rice Miller,9676.329862888999,20,0.0,1,0.30195044424350787,COMPLIANT
Subang,2. Rice Miller,9400.0,21,-0.5648482702642793,1,0.26203624997617925,COMPLIANT
Tasikmalaya,2. Rice Miller,10000.0,1,0.641456968269679,1,0.2750417623018193,COMPLIANT
Tasikmalaya,2. Rice Miller,10000.0,2,0.641456968269679,1,0.2750417623018193,COMPLIANT
Tasikmalaya,2. Rice Miller,10000.0,3,0.641456968269679,1,0.2750417623018193,COMPLIANT
Tasikmalaya,2. Rice Miller,10000.0,4,0.641456968269679,1,0.2750417623018193,COMPLIANT
Tasikmalaya,2. Rice Miller,10000.0,5,0.641456968269679,1,0.2750417623018193,COMPLIANT
Tasikmalaya,2. Rice Miller,10000.0,6,0.641456968269679,1,0.2750417623018193,COMPLIANT
Tasikmalaya,2. Rice Miller,9676.329862889002,7,0.0,1,0.30195044424350787,COMPLIANT
Tasikmalaya,2. Rice Miller,10000.0,8,0.641456968269679,1,0.2750417623018193,COMPLIANT
Tasikmalaya,2. Rice Miller,10000.0,9,0.641456968269679,1,0.2750417623018193,COMPLIANT
Tasikmalaya,2. Rice Miller,10000.0,10,0.641456968269679,1,0.2750417623018193,COMPLIANT
Tasikmalaya,2. Rice Miller,10000.0,11,0.641456968269679,1,0.2750417623018193,COMPLIANT
Tasikmalaya,2. Rice Miller,9900.0,12,0.4455179644273472,1,0.29327301560893804,COMPLIANT
Tasikmalaya,2. Rice Miller,11000.0,13,2.499611521572229,1,0.0793340627258744,COMPLIANT
Tasikmalaya,2. Rice Miller,9676.329862889,14,0.0,1,0.30195044424350787,COMPLIANT
Tasikmalaya,2. Rice Miller,10800.0,15,2.1418778615377816,1,0.10615542975588488,COMPLIANT
Tasikmalaya,2. Rice Miller,9676.329862889,16,0.0,1,0.30195044424350787,COMPLIANT
Tasikmalaya,2. Rice Miller,9900.0,17,0.4455179644273472,1,0.29327301560893804,COMPLIANT
Tasikmalaya,2. Rice Miller,10800.0,18,2.1418778615377816,1,0.10615542975588488,COMPLIANT
Tasikmalaya,2. Rice Miller,9800.0,19,0.24758990006127904,1,0.2600139620754526,COMPLIANT
Tasikmalaya,2. Rice Miller,9676.329862889002,20,0.0,1,0.30195044424350787,COMPLIANT
Tasikmalaya,2. Rice Miller,10900.0,21,2.3215651178406875,1,0.09145175875030631,COMPLIANT
Tasikmalaya,2. Rice Miller,10000.0,22,0.641456968269679,1,0.2750417623018193,COMPLIANT
Tasikmalaya,2. Rice Miller,10500.0,23,1.5926613925001853,1,0.14049824535932187,COMPLIANT
Tasikmalaya,2. Rice Miller,10500.0,24,1.5926613925001853,1,0.14049824535932187,COMPLIANT
Tasikmalaya,2. Rice Miller,9000.0,25,-1.4126168981705016,1,0.19842465087703115,COMPLIANT
Tasikmalaya,2. Rice Miller,9676.329862889,26,0.0,1,0.30195044424350787,COMPLIANT
Tasikmalaya,2. Rice Miller,9200.0,27,-0.9841252839099072,1,0.2392408538205104,COMPLIANT
Tasikmalaya,2. Rice Miller,10800.0,28,2.1418778615377816,1,0.10615542975588488,COMPLIANT
Tasikmalaya,2. Rice Miller,9676.329862889,29,0.0,1,0.30195044424350787,COMPLIANT
Garut,3. Middleman,9000.0,1,1.6742060272806472,1,0.14564473161449976,COMPLIANT
Garut,3. Middleman,9000.0,2,1.6742060272806472,1,0.14564473161449976,COMPLIANT
Garut,3. Middleman,7040.0,3,-16.62373037174856,-1,-0.1637820706590849,CRITICAL RISK
Garut,3. Middleman,8800.0,4,0.0,1,0.30195044424350787,COMPLIANT
Garut,3. Middleman,9000.0,5,1.6742060272806472,1,0.14564473161449976,COMPLIANT
Garut,3. Middleman,9000.0,6,1.6742060272806472,1,0.14564473161449976,COMPLIANT
Garut,3. Middleman,7764.705882352941,7,-9.32445212897838,-1,-0.09811325574169116,CRITICAL RISK
Garut,3. Middleman,8800.0,8,0.0,1,0.30195044424350787,COMPLIANT
Garut,3. Middleman,8800.0,9,0.0,1,0.30195044424350787,COMPLIANT
Garut,3. Middleman,8800.0,10,0.0,1,0.30195044424350787,COMPLIANT
Garut,3. Middleman,8800.0,11,0.0,1,0.30195044424350787,COMPLIANT
Garut,3. Middleman,8213.333333333334,12,-5.1398750711498495,-1,-0.05472635390555258,CRITICAL RISK
Garut,3. Middleman,8800.0,13,0.0,1,0.30195044424350787,COMPLIANT
Garut,3. Middleman,8800.0,14,0.0,1,0.30195044424350787,COMPLIANT
Garut,3. Middleman,8800.0,15,0.0,1,0.30195044424350787,COMPLIANT
Garut,3. Middleman,8800.0,16,0.0,1,0.30195044424350787,COMPLIANT
Garut,3. Middleman,8800.0,17,0.0,1,0.30195044424350787,COMPLIANT
Garut,3. Middleman,8800.0,18,0.0,1,0.30195044424350787,COMPLIANT
Garut,3. Middleman,8800.0,19,0.0,1,0.30195044424350787,COMPLIANT
Garut,3. Middleman,8800.0,20,0.0,1,0.30195044424350787,COMPLIANT
Garut,3. Middleman,8800.0,21,0.0,1,0.30195044424350787,COMPLIANT
Garut,3. Middleman,8800.0,22,0.0,1,0.30195044424350787,COMPLIANT
Garut,3. Middleman,8800.0,23,0.0,1,0.30195044424350787,COMPLIANT
Garut,3. Middleman,8800.0,24,0.0,1,0.30195044424350787,COMPLIANT
Indramayu,3. Middleman,7333.333333333333,1,-13.582612801376857,-1,-0.13510927430737385,CRITICAL RISK
Indramayu,3. Middleman,8800.0,2,0.0,1,0.30195044424350787,COMPLIANT
Indramayu,3. Middleman,8800.0,3,0.0,1,0.30195044424350787,COMPLIANT
Indramayu,3. Middleman,8800.0,4,0.0,1,0.30195044424350787,COMPLIANT
Indramayu,3. Middleman,8800.0,5,0.0,1,0.30195044424350787,COMPLIANT
Indramayu,3. Middleman,8800.0,6,0.0,1,0.30195044424350787,COMPLIANT
Indramayu,3. Middleman,8800.0,7,0.0,1,0.30195044424350787,COMPLIANT
Indramayu,3. Middleman,8800.0,8,0.0,1,0.30195044424350787,COMPLIANT
Indramayu,3. Middleman,8800.0,9,0.0,1,0.30195044424350787,COMPLIANT
Indramayu,3. Middleman,8800.0,10,0.0,1,0.30195044424350787,COMPLIANT
Indramayu,3. Middleman,8800.0,11,0.0,1,0.30195044424350787,COMPLIANT
Indramayu,3. Middleman,7392.857142857143,12,-12.98036791679957,-1,-0.12626703481551782,CRITICAL RISK
Indramayu,3. Middleman,8800.0,13,0.0,1,0.30195044424350787,COMPLIANT
Indramayu,3. Middleman,9500.0,14,5.702178671732354,-1,-0.026763618893382746,CRITICAL RISK
Indramayu,3. Middleman,8800.0,15,0.0,1,0.30195044424350787,COMPLIANT
Indramayu,3. Middleman,8800.0,16,0.0,1,0.30195044424350787,COMPLIANT
Karawang,3. Middleman,8800.0,1,0.0,1,0.30195044424350787,COMPLIANT
Karawang,3. Middleman,9000.0,2,1.6742060272806472,1,0.14564473161449976,COMPLIANT
Karawang,3. Middleman,9000.0,3,1.6742060272806472,1,0.14564473161449976,COMPLIANT
Karawang,3. Middleman,8800.0,4,0.0,1,0.30195044424350787,COMPLIANT
Karawang,3. Middleman,9500.0,5,5.702178671732354,-1,-0.026763618893382746,CRITICAL RISK
Karawang,3. Middleman,8800.0,6,0.0,1,0.30195044424350787,COMPLIANT
Karawang,3. Middleman,8800.0,7,0.0,1,0.30195044424350787,COMPLIANT
Karawang,3. Middleman,9500.0,8,5.702178671732354,-1,-0.026763618893382746,CRITICAL RISK
Karawang,3. Middleman,10000.0,9,9.523516789197481,-1,-0.136885108835761,CRITICAL RISK
Karawang,3. Middleman,8800.0,10,0.0,1,0.30195044424350787,COMPLIANT
Karawang,3. Middleman,9800.0,11,8.018417548238485,-1,-0.11083277054920859,CRITICAL RISK
Karawang,3. Middleman,8800.0,12,0.0,1,0.30195044424350787,COMPLIANT
Karawang,3. Middleman,9800.0,13,8.018417548238485,-1,-0.11083277054920859,CRITICAL RISK
Karawang,3. Middleman,8800.0,14,0.0,1,0.30195044424350787,COMPLIANT
Subang,3. Middleman,8360.0,1,-3.8212846549743307,-1,-0.005920250142723571,CRITICAL RISK
Subang,3. Middleman,7680.0,2,-10.141620363117534,-1,-0.10195572821575083,CRITICAL RISK
Subang,3. Middleman,8160.0,3,-5.62520775998101,-1,-0.060831918330021884,CRITICAL RISK
Subang,3. Middleman,6860.0,4,-18.55324875643841,-1,-0.1759442096201429,CRITICAL RISK
Subang,3. Middleman,8800.0,5,0.0,1,0.30195044424350787,COMPLIANT
Subang,3. Middleman,8800.0,6,0.0,1,0.30195044424350787,COMPLIANT
Subang,3. Middleman,8800.0,7,0.0,1,0.30195044424350787,COMPLIANT
Subang,3. Middleman,8820.0,8,0.16912367782222376,1,0.2642159447342927,COMPLIANT
Subang,3. Middleman,9310.0,9,4.197087432057659,-1,-0.003156595376781035,CRITICAL RISK
Subang,3. Middleman,8358.333333333334,10,-3.8361383071184747,-1,-0.008932183148536277,CRITICAL RISK
Subang,3. Middleman,8682.666666666666,11,-1.0,1,0.23944492647813276,COMPLIANT
Subang,3. Middleman,9373.333333333334,12,4.702170242970605,-1,-0.006859329152409721,CRITICAL RISK
Subang,3. Middleman,7425.0,13,-12.657168498091881,-1,-0.12271650908149567,CRITICAL RISK
Subang,3. Middleman,9405.0,14,4.953433447887332,-1,-0.011310616287848685,CRITICAL RISK
Subang,3. Middleman,8928.0,15,1.0758165188978008,1,0.18817733313535112,COMPLIANT
Subang,3. Middleman,8928.0,16,1.0758165188978008,1,0.18817733313535112,COMPLIANT
Subang,3. Middleman,7946.666666666667,17,-7.5987841699888286,-1,-0.08392814806089255,CRITICAL RISK
Subang,3. Middleman,8800.0,18,0.0,1,0.30195044424350787,COMPLIANT
Subang,3. Middleman,9436.666666666666,19,5.203852158650943,-1,-0.015527513791184111,CRITICAL RISK
Subang,3. Middleman,8948.57142857143,20,1.2472759028405984,1,0.1606094126911728,COMPLIANT
Subang,3. Middleman,8964.0,21,1.375612000367479,1,0.1481155200442652,COMPLIANT
Tasikmalaya,3. Middleman,7861.333333333333,1,-8.403088648966325,-1,-0.08909109083771904,CRITICAL RISK
Tasikmalaya,3. Middleman,9000.0,2,1.6742060272806472,1,0.14564473161449976,COMPLIANT
Tasikmalaya,3. Middleman,9500.0,3,5.702178671732354,-1,-0.026763618893382746,CRITICAL RISK
Tasikmalaya,3. Middleman,8800.0,4,0.0,1,0.30195044424350787,COMPLIANT
Tasikmalaya,3. Middleman,7626.666666666667,5,-10.660769991411962,-1,-0.10663365542291092,CRITICAL RISK
Tasikmalaya,3. Middleman,8682.666666666666,6,-1.0,1,0.23944492647813276,COMPLIANT
Tasikmalaya,3. Middleman,6600.0,7,-21.4316225983702,-1,-0.1905530022276145,CRITICAL RISK
Tasikmalaya,3. Middleman,6600.0,8,-21.4316225983702,-1,-0.1905530022276145,CRITICAL RISK
Tasikmalaya,3. Middleman,8550.0,9,-2.1470885280419725,1,0.06369459729011606,COMPLIANT
Tasikmalaya,3. Middleman,8000.0,10,-7.100467524029464,-1,-0.0819520542009089,CRITICAL RISK
Tasikmalaya,3. Middleman,8616.666666666666,11,-1.5684547474984751,1,0.15115698821936924,COMPLIANT
Tasikmalaya,3. Middleman,8474.074074074075,12,-2.8116082678975114,1,0.029408831110400047,COMPLIANT
Tasikmalaya,3. Middleman,7716.923076923077,13,-9.784316429875215,-1,-0.0999309114598882,CRITICAL RISK
Tasikmalaya,3. Middleman,8800.0,14,0.0,1,0.30195044424350787,COMPLIANT
Tasikmalaya,3. Middleman,8360.0,15,-3.8212846549743307,-1,-0.005920250142723571,CRITICAL RISK
Tasikmalaya,3. Middleman,8360.0,16,-3.8212846549743307,-1,-0.005920250142723571,CRITICAL RISK
Tasikmalaya,3. Middleman,8800.0,17,0.0,1,0.30195044424350787,COMPLIANT
Tasikmalaya,3. Middleman,8590.47619047619,18,-1.7952395351446027,1,0.10124003447279006,COMPLIANT
Tasikmalaya,3. Middleman,8408.888888888889,19,-3.3868897280101606,1,0.0007626206137545388,COMPLIANT
Tasikmalaya,3. Middleman,8800.0,20,0.0,1,0.30195044424350787,COMPLIANT
Tasikmalaya,3. Middleman,8800.0,21,0.0,1,0.30195044424350787,COMPLIANT
Tasikmalaya,3. Middleman,8800.0,22,0.0,1,0.30195044424350787,COMPLIANT
Tasikmalaya,3. Middleman,8800.0,23,0.0,1,0.30195044424350787,COMPLIANT
Tasikmalaya,3. Middleman,8800.0,24,0.0,1,0.30195044424350787,COMPLIANT
Tasikmalaya,3. Middleman,8800.0,25,0.0,1,0.30195044424350787,COMPLIANT
Tasikmalaya,3. Middleman,8800.0,26,0.0,1,0.30195044424350787,COMPLIANT
Tasikmalaya,3. Middleman,8800.0,27,0.0,1,0.30195044424350787,COMPLIANT
Tasikmalaya,3. Middleman,9800.0,28,8.018417548238485,-1,-0.11083277054920859,CRITICAL RISK
Tasikmalaya,3. Middleman,8756.0,29,-0.37342893844650027,1,0.2762973545743295,COMPLIANT
Garut,4. Wholesaler,1.25,1,0.04966448915324898,1,0.2840954649467917,COMPLIANT
Garut,4. Wholesaler,1.0,2,-0.28083122065617794,1,0.28664395735397663,COMPLIANT
Garut,4. Wholesaler,1.0,3,-0.28083122065617794,1,0.28664395735397663,COMPLIANT
Garut,4. Wholesaler,1.0,4,-0.28083122065617794,1,0.28664395735397663,COMPLIANT
Garut,4. Wholesaler,0.2412280701754386,5,-1.619407921255894,1,0.1379840632656053,COMPLIANT
Garut,4. Wholesaler,1.1111111111111112,6,-0.12912019901742872,1,0.28039029720069836,COMPLIANT
Garut,4. Wholesaler,0.1111111111111111,7,-1.9301431945814587,1,0.08518356904139646,COMPLIANT
Garut,4. Wholesaler,1.1,8,-0.14392746495796938,1,0.2815749790805428,COMPLIANT
Garut,4. Wholesaler,1.2105263157894737,9,0.0,1,0.30195044424350787,COMPLIANT
Garut,4. Wholesaler,1.1764705882352942,10,-0.04356569408667932,1,0.2868289898129681,COMPLIANT
Garut,4. Wholesaler,0.868421052631579,11,-0.4717872230618793,1,0.27420866028459584,COMPLIANT
Garut,4. Wholesaler,1.1111111111111103,12,-0.12912019901742997,1,0.28039029720069836,COMPLIANT
Garut,4. Wholesaler,1.2105263157894737,13,0.0,1,0.30195044424350787,COMPLIANT
Garut,4. Wholesaler,1.05,14,-0.21154448101981707,1,0.2811081838513089,COMPLIANT
Garut,4. Wholesaler,0.9649122807017544,15,-0.3304957098094266,1,0.2811984513078555,COMPLIANT
Garut,4. Wholesaler,2.0,16,0.8568918645095355,1,0.22892356157343885,COMPLIANT
Garut,4. Wholesaler,1.2105263157894737,17,0.0,1,0.30195044424350787,COMPLIANT
Garut,4. Wholesaler,1.3333333333333333,18,0.1517110216387489,1,0.26536747799468513,COMPLIANT
Garut,4. Wholesaler,1.1,19,-0.14392746495796938,1,0.2815749790805428,COMPLIANT
Garut,4. Wholesaler,9.27,20,4.309960366006721,-1,-0.004735550067285099,CRITICAL RISK
Garut,4. Wholesaler,1.1,21,-0.14392746495796938,1,0.2815749790805428,COMPLIANT
Garut,4. Wholesaler,1.1,22,-0.14392746495796938,1,0.2815749790805428,COMPLIANT
Garut,4. Wholesaler,1.1,23,-0.14392746495796938,1,0.2815749790805428,COMPLIANT
Garut,4. Wholesaler,1.1,24,-0.14392746495796938,1,0.2815749790805428,COMPLIANT
Garut,4. Wholesaler,0.3157894736842105,25,-1.4557200198140627,1,0.1822822837804679,COMPLIANT
Indramayu,4. Wholesaler,1.3157894736842106,1,0.13053378614262537,1,0.26685009495343215,COMPLIANT
Indramayu,4. Wholesaler,1.5789473684210527,2,0.4325422422949271,1,0.29008777822849047,COMPLIANT
Indramayu,4. Wholesaler,6.666666666666667,3,3.4896486827669944,1,0.015881200618526048,COMPLIANT
Indramayu,4. Wholesaler,1.5789473684210527,4,0.4325422422949271,1,0.29008777822849047,COMPLIANT
Indramayu,4. Wholesaler,1.5789473684210527,5,0.4325422422949271,1,0.29008777822849047,COMPLIANT
Indramayu,4. Wholesaler,1.5789473684210527,6,0.4325422422949271,1,0.29008777822849047,COMPLIANT
Indramayu,4. Wholesaler,1.1647058823529404,7,-0.0587742428858485,1,0.283304207461928,COMPLIANT
Indramayu,4. Wholesaler,7.873684210526315,8,3.8999043911191813,1,0.006064992817619519,COMPLIANT
Indramayu,4. Wholesaler,1.2222222222222223,9,0.014807265940540637,1,0.2920248215376856,COMPLIANT
Indramayu,4. Wholesaler,1.2222222222222223,10,0.014807265940540637,1,0.2920248215376856,COMPLIANT
Indramayu,4. Wholesaler,1.2222222222222223,11,0.014807265940540637,1,0.2920248215376856,COMPLIANT
Indramayu,4. Wholesaler,1.2222222222222223,12,0.014807265940540637,1,0.2920248215376856,COMPLIANT
Indramayu,4. Wholesaler,46.421052631578945,13,8.602644006678132,-1,-0.12320721166411508,CRITICAL RISK
Indramayu,4. Wholesaler,1.2654320987654333,14,0.06884412899630259,1,0.28005101766176954,COMPLIANT
Indramayu,4. Wholesaler,1.3125,15,0.12654519928173072,1,0.26642114988659565,COMPLIANT
Indramayu,4. Wholesaler,1.9736842105263157,16,0.8321694985555217,1,0.23339466831392963,COMPLIANT
Karawang,4. Wholesaler,1.0526315789473684,1,-0.2079447750942234,1,0.2813338386226786,COMPLIANT
Karawang,4. Wholesaler,1.075268817204301,2,-0.17716881114118502,1,0.2812303958895514,COMPLIANT
Karawang,4. Wholesaler,1.0105263157894737,3,-0.26610168350369123,1,0.2850704803916802,COMPLIANT
Karawang,4. Wholesaler,1.0526315789473684,4,-0.2079447750942234,1,0.2813338386226786,COMPLIANT
Karawang,4. Wholesaler,1.0555555555555556,5,-0.2039505105276962,1,0.2816648837613045,COMPLIANT
Karawang,4. Wholesaler,14.842105263157896,6,5.526192127362427,-1,-0.023891798220520344,CRITICAL RISK
Karawang,4. Wholesaler,1.0526315789473684,7,-0.2079447750942234,1,0.2813338386226786,COMPLIANT
Karawang,4. Wholesaler,2.0,8,0.8568918645095355,1,0.22892356157343885,COMPLIANT
Karawang,4. Wholesaler,1.0795454545454546,9,-0.17139232094148768,1,0.2800722514629219,COMPLIANT
Karawang,4. Wholesaler,1.0210526315789474,10,-0.2514490633447858,1,0.28513461684290403,COMPLIANT
Karawang,4. Wholesaler,1.021505376344086,11,-0.25082055614444954,1,0.284904972847149,COMPLIANT
Karawang,4. Wholesaler,1.6,12,0.4553551353040934,1,0.2969226848020018,COMPLIANT
Karawang,4. Wholesaler,1.0526315789473684,13,-0.2079447750942234,1,0.2813338386226786,COMPLIANT
Karawang,4. Wholesaler,0.25263157894736843,14,-1.5937463882034482,1,0.14620918664604476,COMPLIANT
Subang,4. Wholesaler,1.6,1,0.4553551353040934,1,0.2969226848020018,COMPLIANT
Subang,4. Wholesaler,2.0476190476190474,2,0.9010812877614672,1,0.21654209491180848,COMPLIANT
Subang,4. Wholesaler,1.4476190476190476,3,0.28588656090018405,1,0.2635431666135407,COMPLIANT
Subang,4. Wholesaler,1.7538461538461538,4,0.6166622098911843,1,0.2728815787269735,COMPLIANT
Subang,4. Wholesaler,1.6489285714285715,5,0.5076690874840512,1,0.29080403167086777,COMPLIANT
Subang,4. Wholesaler,1.3617857142857144,6,0.18571975062540635,1,0.26439823858103545,COMPLIANT
Subang,4. Wholesaler,1.7142857142857142,7,0.5760606438533572,1,0.27268815199107055,COMPLIANT
Subang,4. Wholesaler,1.9175384615384616,8,0.778683800355862,1,0.253207684824831,COMPLIANT
Subang,4. Wholesaler,0.6349206349206349,9,-0.8463827414326488,1,0.23562073798467809,COMPLIANT
Subang,4. Wholesaler,1.7380952380952381,10,0.6005670911904997,1,0.2727585042335937,COMPLIANT
Subang,4. Wholesaler,2.68375,11,1.43301080354094,1,0.143411528538821,COMPLIANT
Subang,4. Wholesaler,4.442857142857143,12,2.528385538013322,1,0.07467069800161363,COMPLIANT
Subang,4. Wholesaler,0.15789473684210525,13,-1.8144166743793742,1,0.09624252427776347,COMPLIANT
Subang,4. Wholesaler,2.9134285714285713,14,1.6027232080665765,1,0.1401954345095935,COMPLIANT
Subang,4. Wholesaler,1.2,15,-0.013393678815344302,1,0.29323138447940295,COMPLIANT
Subang,4. Wholesaler,2.142857142857143,16,0.9874256506521605,1,0.20111814469429584,COMPLIANT
Subang,4. Wholesaler,1.5789473684210527,17,0.4325422422949271,1,0.29008777822849047,COMPLIANT
Subang,4. Wholesaler,2.6315789473684212,18,1.3929872006062456,1,0.14729206068929385,COMPLIANT
Subang,4. Wholesaler,2.892857142857143,19,1.5879343686458458,1,0.1400581946128212,COMPLIANT
Subang,4. Wholesaler,4.0,20,2.2902534362719664,1,0.0944384233644332,COMPLIANT
Subang,4. Wholesaler,2.893235294117647,21,1.5882069267350625,1,0.1400581946128212,COMPLIANT
Tasikmalaya,4. Wholesaler,1.08,1,-0.17077906110205177,1,0.2801716038488467,COMPLIANT
Tasikmalaya,4. Wholesaler,1.153061224489796,2,-0.07390921589737871,1,0.2801017024843884,COMPLIANT
Tasikmalaya,4. Wholesaler,1.0,3,-0.28083122065617794,1,0.28664395735397663,COMPLIANT
Tasikmalaya,4. Wholesaler,1.1326530612244898,4,-0.10063294536030389,1,0.2810775163156602,COMPLIANT
Tasikmalaya,4. Wholesaler,1.1428571428571428,5,-0.08723926654495959,1,0.28127874656946283,COMPLIANT
Tasikmalaya,4. Wholesaler,1.0119047619047619,6,-0.26417852854969764,1,0.28500406071039125,COMPLIANT
Tasikmalaya,4. Wholesaler,1.1071428571428572,7,-0.1343995427839628,1,0.28153038912243933,COMPLIANT
Tasikmalaya,4. Wholesaler,1.434782608695652,8,0.27113203925957613,1,0.2586231981588814,COMPLIANT
Tasikmalaya,4. Wholesaler,0.9846153846153847,9,-0.3024990533008841,1,0.28981838732297754,COMPLIANT
Tasikmalaya,4. Wholesaler,1.7897727272727273,10,0.6530320666751044,1,0.26797867110686446,COMPLIANT
Tasikmalaya,4. Wholesaler,1.1650874635568513,11,-0.05827966705990808,1,0.2833163336402018,COMPLIANT
Tasikmalaya,4. Wholesaler,13.192982456140351,12,5.217749659220244,-1,-0.015886341559582462,CRITICAL RISK
Tasikmalaya,4. Wholesaler,17.68421052631579,13,5.989198354910264,-1,-0.04882271309810049,CRITICAL RISK
Tasikmalaya,4. Wholesaler,5.2631578947368425,14,2.922288729246696,1,0.045101309664429046,COMPLIANT
Tasikmalaya,4. Wholesaler,1.1912280701754385,15,-0.024604122748662933,1,0.2918961291669605,COMPLIANT
Tasikmalaya,4. Wholesaler,3.8596491228070176,16,2.2103627620120703,1,0.0990013166404553,COMPLIANT
Tasikmalaya,4. Wholesaler,4.2105263157894735,17,2.4059799564740514,1,0.08458738876234817,COMPLIANT
Tasikmalaya,4. Wholesaler,4.385964912280702,18,2.4989013739771044,1,0.0793340627258744,COMPLIANT
Tasikmalaya,4. Wholesaler,7.368421052631579,19,3.735404816909437,1,0.012986271943611571,COMPLIANT
Tasikmalaya,4. Wholesaler,8.491228070175438,20,4.088684311204387,-1,-0.0017794480987607386,CRITICAL RISK
Tasikmalaya,4. Wholesaler,10.526315789473685,21,4.633785417317433,-1,-0.006328486409291401,CRITICAL RISK
Tasikmalaya,4. Wholesaler,1.0691244239631332,22,-0.1854889666343012,1,0.2809962574320935,COMPLIANT
Tasikmalaya,4. Wholesaler,0.782608695652174,23,-0.6037123521585578,1,0.26205510899003054,COMPLIANT
Tasikmalaya,4. Wholesaler,1.0465116279069775,24,-0.21632331337134056,1,0.2817008381924543,COMPLIANT
Tasikmalaya,4. Wholesaler,0.8888888888888888,25,-0.4412160370971945,1,0.2751343058650179,COMPLIANT
Tasikmalaya,4. Wholesaler,0.7697368421052632,26,-0.6240471971398575,1,0.2601773779629541,COMPLIANT
Tasikmalaya,4. Wholesaler,0.532258064516129,27,-1.0283548461172023,1,0.23455350933328345,COMPLIANT
Tasikmalaya,4. Wholesaler,1.03125,28,-0.23732693240561523,1,0.2851083749464728,COMPLIANT
Garut,5. Retail,1.2727272727272727,1,0.562271603602513,1,0.27631944485826465,COMPLIANT
Garut,5. Retail,1.2962962962962963,2,0.6848679983256266,1,0.2591755705371187,COMPLIANT
Garut,5. Retail,1.2962962962962963,3,0.6848679983256266,1,0.2591755705371187,COMPLIANT
Garut,5. Retail,1.1131725417439704,4,-0.30269298870863826,1,0.29027744288083307,COMPLIANT
Garut,5. Retail,1.3397129186602872,5,0.9074449011478871,1,0.21435850461813133,COMPLIANT
Garut,5. Retail,1.2244897959183674,6,0.3073462428495313,1,0.2684782547977354,COMPLIANT
Garut,5. Retail,1.530612244897959,7,1.8394636553401602,1,0.12222611893390523,COMPLIANT
Garut,5. Retail,1.2962962962962963,8,0.6848679983256266,1,0.2591755705371187,COMPLIANT
Garut,5. Retail,1.1131725417439704,9,-0.30269298870863826,1,0.29027744288083307,COMPLIANT
Garut,5. Retail,1.5151515151515151,10,1.7666420767769158,1,0.1336688269342865,COMPLIANT
Garut,5. Retail,1.2962962962962963,11,0.6848679983256266,1,0.2591755705371187,COMPLIANT
Garut,5. Retail,1.1483253588516746,12,-0.1066445622576526,1,0.282202960404208,COMPLIANT
Garut,5. Retail,1.3333333333333333,13,0.8749998625585513,1,0.2256412493520326,COMPLIANT
Garut,5. Retail,1.2244897959183674,14,0.3073462428495313,1,0.2684782547977354,COMPLIANT
Garut,5. Retail,1.1131725417439704,15,-0.30269298870863826,1,0.29027744288083307,COMPLIANT
Garut,5. Retail,1.4141414141414141,16,1.2795661875168511,1,0.15542139436264124,COMPLIANT
Garut,5. Retail,1.2987012987012987,17,0.6973070112913617,1,0.2549162838531902,COMPLIANT
Garut,5. Retail,1.3397129186602872,18,0.9074449011478871,1,0.21435850461813133,COMPLIANT
Garut,5. Retail,1.1131725417439704,19,-0.30269298870863826,1,0.29027744288083307,COMPLIANT
Garut,5. Retail,1.8421052631578947,20,3.2188860567121744,1,0.024266180798513726,COMPLIANT
Garut,5. Retail,1.1131725417439704,21,-0.30269298870863826,1,0.29027744288083307,COMPLIANT
Garut,5. Retail,1.3333333333333333,22,0.8749998625585513,1,0.2256412493520326,COMPLIANT
Garut,5. Retail,1.3397129186602872,23,0.9074449011478871,1,0.21435850461813133,COMPLIANT
Indramayu,5. Retail,1.1111111111111112,1,-0.31429067458053694,1,0.28571358734407803,COMPLIANT
Indramayu,5. Retail,0.7272727272727273,2,-2.6988581409254153,1,0.03537858807771699,COMPLIANT
Indramayu,5. Retail,1.3397129186602872,3,0.9074449011478871,1,0.21435850461813133,COMPLIANT
Indramayu,5. Retail,1.0204081632653061,4,-0.8361303078974757,1,0.23716710926350598,COMPLIANT
Indramayu,5. Retail,1.7857142857142858,5,2.9807420544315746,1,0.04008351450500547,COMPLIANT
Indramayu,5. Retail,1.1131725417439704,6,-0.30269298870863826,1,0.29027744288083307,COMPLIANT
Indramayu,5. Retail,1.2755102040816326,7,0.5768132998913374,1,0.27268815199107055,COMPLIANT
Indramayu,5. Retail,1.1965811965811965,8,0.15731836186894152,1,0.265238909586119,COMPLIANT
Indramayu,5. Retail,1.1872340425531915,9,0.1066445622576526,1,0.2707882604830531,COMPLIANT
Indramayu,5. Retail,0.9276437847866419,10,-1.3946441935148486,1,0.19468433098137589,COMPLIANT
Indramayu,5. Retail,1.1131725417439704,11,-0.30269298870863826,1,0.29027744288083307,COMPLIANT
Indramayu,5. Retail,1.2987012987012987,12,0.6973070112913617,1,0.2549162838531902,COMPLIANT
Indramayu,5. Retail,1.3358070500927643,13,0.8875911093006854,1,0.21933612041115086,COMPLIANT
Indramayu,5. Retail,1.2121212121212122,14,0.2410902139317786,1,0.26140355231440504,COMPLIANT
Indramayu,5. Retail,1.2987012987012987,15,0.6973070112913617,1,0.2549162838531902,COMPLIANT
Indramayu,5. Retail,1.5789473684210527,16,2.0642903996976423,1,0.11014195361786239,COMPLIANT
Karawang,5. Retail,1.0,1,-0.9567708161868967,1,0.23528656095362355,COMPLIANT
Karawang,5. Retail,0.9276437847866419,2,-1.3946441935148486,1,0.19468433098137589,COMPLIANT
Karawang,5. Retail,1.1131725417439704,3,-0.30269298870863826,1,0.29027744288083307,COMPLIANT
Karawang,5. Retail,1.2244897959183674,4,0.3073462428495313,1,0.2684782547977354,COMPLIANT
Karawang,5. Retail,1.1131725417439704,5,-0.30269298870863826,1,0.29027744288083307,COMPLIANT
Karawang,5. Retail,1.2121212121212122,6,0.2410902139317786,1,0.26140355231440504,COMPLIANT
Karawang,5. Retail,1.2121212121212122,7,0.2410902139317786,1,0.26140355231440504,COMPLIANT
Karawang,5. Retail,1.1131725417439704,8,-0.30269298870863826,1,0.29027744288083307,COMPLIANT
Karawang,5. Retail,1.0204081632653061,9,-0.8361303078974757,1,0.23716710926350598,COMPLIANT
Karawang,5. Retail,0.9276437847866419,10,-1.3946441935148486,1,0.19468433098137589,COMPLIANT
Karawang,5. Retail,1.1131725417439704,11,-0.30269298870863826,1,0.29027744288083307,COMPLIANT
Karawang,5. Retail,1.6666666666666667,12,2.4617517988830944,1,0.08228085845630084,COMPLIANT
Karawang,5. Retail,1.1131725417439704,13,-0.30269298870863826,1,0.29027744288083307,COMPLIANT
Karawang,5. Retail,1.1131725417439704,14,-0.30269298870863826,1,0.29027744288083307,COMPLIANT
Karawang,5. Retail,1.1131725417439704,15,-0.30269298870863826,1,0.29027744288083307,COMPLIANT
Karawang,5. Retail,1.530612244897959,16,1.8394636553401602,1,0.12222611893390523,COMPLIANT
Subang,5. Retail,0.9276437847866419,1,-1.3946441935148486,1,0.19468433098137589,COMPLIANT
Subang,5. Retail,1.0526315789473684,2,-0.6481044229347653,1,0.2577482891711558,COMPLIANT
Subang,5. Retail,1.2755102040816326,3,0.5768132998913374,1,0.27268815199107055,COMPLIANT
Subang,5. Retail,1.1131725417439704,4,-0.30269298870863826,1,0.29027744288083307,COMPLIANT
Subang,5. Retail,1.1131725417439704,5,-0.30269298870863826,1,0.29027744288083307,COMPLIANT
Subang,5. Retail,1.5789473684210527,6,2.0642903996976423,1,0.11014195361786239,COMPLIANT
Subang,5. Retail,1.1131725417439704,7,-0.30269298870863826,1,0.29027744288083307,COMPLIANT
Subang,5. Retail,1.0204081632653061,8,-0.8361303078974757,1,0.23716710926350598,COMPLIANT
Subang,5. Retail,1.25,9,0.4428435832485432,1,0.2927994250190545,COMPLIANT
Subang,5. Retail,1.2121212121212122,10,0.2410902139317786,1,0.26140355231440504,COMPLIANT
Subang,5. Retail,1.1131725417439704,11,-0.30269298870863826,1,0.29027744288083307,COMPLIANT
Subang,5. Retail,1.3571428571428572,12,0.9956403708479724,1,0.19712419865482234,COMPLIANT
Subang,5. Retail,1.2987012987012987,13,0.6973070112913617,1,0.2549162838531902,COMPLIANT
Subang,5. Retail,1.1483253588516746,14,-0.1066445622576526,1,0.282202960404208,COMPLIANT
Subang,5. Retail,1.1131725417439704,15,-0.30269298870863826,1,0.29027744288083307,COMPLIANT
Subang,5. Retail,1.3333333333333333,16,0.8749998625585513,1,0.2256412493520326,COMPLIANT
Subang,5. Retail,1.1428571428571428,17,-0.136929352147482,1,0.2812976235004974,COMPLIANT
Subang,5. Retail,1.2857142857142858,18,0.6299811201376475,1,0.2741077899079873,COMPLIANT
Subang,5. Retail,0.9142857142857143,19,-1.4772768556523608,1,0.17769423624426434,COMPLIANT
Tasikmalaya,5. Retail,1.2121212121212122,1,0.2410902139317786,1,0.26140355231440504,COMPLIANT
Tasikmalaya,5. Retail,1.1131725417439704,2,-0.30269298870863826,1,0.29027744288083307,COMPLIANT
Tasikmalaya,5. Retail,1.1483253588516746,3,-0.1066445622576526,1,0.282202960404208,COMPLIANT
Tasikmalaya,5. Retail,1.530612244897959,4,1.8394636553401602,1,0.12222611893390523,COMPLIANT
Tasikmalaya,5. Retail,1.1131725417439704,5,-0.30269298870863826,1,0.29027744288083307,COMPLIANT
Tasikmalaya,5. Retail,1.0694444444444444,6,-0.5511687110578757,1,0.2634745528577688,COMPLIANT
Tasikmalaya,5. Retail,1.1131725417439704,7,-0.30269298870863826,1,0.29027744288083307,COMPLIANT
Tasikmalaya,5. Retail,1.1131725417439704,8,-0.30269298870863826,1,0.29027744288083307,COMPLIANT
Tasikmalaya,5. Retail,1.2244897959183674,9,0.3073462428495313,1,0.2684782547977354,COMPLIANT
Tasikmalaya,5. Retail,1.1483253588516746,10,-0.1066445622576526,1,0.282202960404208,COMPLIANT
Tasikmalaya,5. Retail,1.2121212121212122,11,0.2410902139317786,1,0.26140355231440504,COMPLIANT
Tasikmalaya,5. Retail,1.1131725417439704,12,-0.30269298870863826,1,0.29027744288083307,COMPLIANT
Tasikmalaya,5. Retail,1.2244897959183674,13,0.3073462428495313,1,0.2684782547977354,COMPLIANT
Tasikmalaya,5. Retail,1.263157894736842,14,0.5121323393369446,1,0.28716587737746846,COMPLIANT
Tasikmalaya,5. Retail,1.1131725417439704,15,-0.30269298870863826,1,0.29027744288083307,COMPLIANT
Tasikmalaya,5. Retail,1.1131725417439704,16,-0.30269298870863826,1,0.29027744288083307,COMPLIANT
Tasikmalaya,5. Retail,1.1483253588516746,17,-0.1066445622576526,1,0.282202960404208,COMPLIANT
Tasikmalaya,5. Retail,1.1131725417439704,18,-0.30269298870863826,1,0.29027744288083307,COMPLIANT
Tasikmalaya,5. Retail,1.2121212121212122,19,0.2410902139317786,1,0.26140355231440504,COMPLIANT
Tasikmalaya,5. Retail,1.1131725417439704,20,-0.30269298870863826,1,0.29027744288083307,COMPLIANT
Tasikmalaya,5. Retail,1.5789473684210527,21,2.0642903996976423,1,0.11014195361786239,COMPLIANT
Tasikmalaya,5. Retail,1.1131725417439704,22,-0.30269298870863826,1,0.29027744288083307,COMPLIANT
Tasikmalaya,5. Retail,1.3061224489795917,23,0.7356083756390006,1,0.2540581065046566,COMPLIANT
Tasikmalaya,5. Retail,1.3061224489795917,24,0.7356083756390006,1,0.2540581065046566,COMPLIANT
Tasikmalaya,5. Retail,0.8163265306122449,25,-2.1014722278328977,1,0.06641138333188923,COMPLIANT
Tasikmalaya,5. Retail,0.7894736842105263,26,-2.27846370361406,1,0.056282124717265236,COMPLIANT
Tasikmalaya,5. Retail,1.3333333333333333,27,0.8749998625585513,1,0.2256412493520326,COMPLIANT
Tasikmalaya,5. Retail,0.9276437847866419,28,-1.3946441935148486,1,0.19468433098137589,COMPLIANT
